index,voltage
0,1.64938
1,1.65400
2,1.64725
3,1.65063
4,1.64463
5,1.65163
6,1.64750
7,1.65313
8,1.64925
9,1.65538
10,1.63763
11,1.65075
12,1.64763
13,1.64975
14,1.65188
15,1.64588
16,1.65050
17,1.65663
18,1.63488
19,1.66100
20,1.64263
21,1.65275
22,1.64825
23,1.64588
24,1.66750
25,1.63163
26,1.66250
27,1.64075
28,1.64400
29,1.66800
30,1.63338
31,1.65475
32,1.64825
33,1.63125
34,1.67238
35,1.63075
36,1.66338
37,1.65513
38,1.64888
39,1.65875
40,1.63063
41,1.65738
42,1.63600
43,1.65213
44,1.64213
45,1.63688
46,1.67638
47,1.62650
48,1.65588
49,1.66213
50,1.63013
51,1.68288
52,1.64775
53,1.63088
54,1.67538
55,1.64263
56,1.63738
57,1.65538
58,1.64013
59,1.65425
60,1.64663
61,1.64625
62,1.65525
63,1.64500
64,1.65425
65,1.65088
66,1.64200
67,1.64513
68,1.65413
69,1.65038
70,1.65125
71,1.65238
72,1.65150
73,1.64238
74,1.64763
75,1.64613
76,1.65275
77,1.65275
78,1.64025
79,1.65838
80,1.65450
81,1.64588
82,1.65000
83,1.64900
84,1.66050
85,1.63938
86,1.65413
87,1.65000
88,1.65575
89,1.65138
90,1.65200
91,1.65088
92,1.65600
93,1.64225
94,1.64900
95,1.64975
96,1.64738
97,1.65588
98,1.65425
99,1.64825
100,1.64900
101,1.64863
102,1.66000
103,1.64888
104,1.64713
105,1.64513
106,1.65150
107,1.64525
108,1.64800
109,1.65650
110,1.64938
111,1.65025
112,1.64813
113,1.65450
114,1.65775
115,1.65138
116,1.65138
117,1.64763
118,1.65663
119,1.65088
120,1.65350
121,1.64713
122,1.64650
123,1.64800
124,1.64838
125,1.64738
126,1.64575
127,1.65025
128,1.64788
129,1.65163
130,1.65013
131,1.64738
132,1.64563
133,1.65413
134,1.64813
135,1.64813
136,1.65113
137,1.65050
138,1.64888
139,1.64863
140,1.65600
141,1.65163
142,1.65025
143,1.64600
144,1.65413
145,1.64213
146,1.65088
147,1.64950
148,1.65000
149,1.64675
150,1.65125
151,1.65563
152,1.66000
153,1.64513
154,1.65125
155,1.65125
156,1.65200
157,1.65238
158,1.62025
159,1.64975
160,1.65988
161,1.64750
162,1.63925
163,1.65163
164,1.64713
165,1.65375
166,1.64763
167,1.65138
168,1.64550
169,1.64588
170,1.64963
171,1.64300
172,1.65150
173,1.64475
174,1.64363
175,1.64325
176,1.64888
177,1.64863
178,1.65688
179,1.64375
180,1.65550
181,1.65500
182,1.65125
183,1.64625
184,1.65000
185,1.65625
186,1.64863
187,1.64700
188,1.64500
189,1.65138
190,1.65100
191,1.64150
192,1.65813
193,1.64513
194,1.64413
195,1.65775
196,1.65188
197,1.64613
198,1.64375
199,1.64800
200,1.65950
201,1.64863
202,1.64288
203,1.65063
204,1.65413
205,1.65400
206,1.64338
207,1.64388
208,1.65875
209,1.64350
210,1.64788
211,1.65138
212,1.65150
213,1.64038
214,1.65313
215,1.65513
216,1.64688
217,1.64113
218,1.65113
219,1.65250
220,1.64563
221,1.65088
222,1.64625
223,1.64900
224,1.64500
225,1.65600
226,1.65575
227,1.64938
228,1.64175
229,1.64625
230,1.65125
231,1.65413
232,1.64400
233,1.64738
234,1.65425
235,1.64688
236,1.64113
237,1.65738
238,1.64350
239,1.65225
240,1.65850
241,1.64600
242,1.64725
243,1.64988
244,1.64775
245,1.65688
246,1.64138
247,1.64438
248,1.65588
249,1.64213
250,1.65275
251,1.65113
252,1.64413
253,1.65363
254,1.64813
255,1.64938
256,1.65113
257,1.65063
258,1.64850
259,1.64875
260,1.64663
261,1.65138
262,1.65050
263,1.65325
264,1.65375
265,1.65150
266,1.64863
267,1.64975
268,1.65100
269,1.63913
270,1.64925
271,1.65775
272,1.64513
273,1.64675
274,1.65538
275,1.65738
276,1.64375
277,1.64575
278,1.65400
279,1.65538
280,1.64125
281,1.64750
282,1.65700
283,1.65100
284,1.64263
285,1.65263
286,1.64325
287,1.65200
288,1.64963
289,1.64413
290,1.65538
291,1.65075
292,1.64850
293,1.65338
294,1.64538
295,1.64988
296,1.64663
297,1.65225
298,1.65288
299,1.65163
300,1.64463
301,1.64713
302,1.65338
303,1.64588
304,1.65375
305,1.65363
306,1.64475
307,1.65413
308,1.65300
309,1.65163
310,1.65013
311,1.64625
312,1.65188
313,1.66275
314,1.64463
315,1.64900
316,1.64813
317,1.64763
318,1.65013
319,1.64650
320,1.65475
321,1.65400
322,1.64425
323,1.65225
324,1.65250
325,1.64375
326,1.64363
327,1.65138
328,1.65388
329,1.64750
330,1.65050
331,1.64800
332,1.65363
333,1.64700
334,1.65063
335,1.65375
336,1.64625
337,1.64538
338,1.65175
339,1.65738
340,1.64713
341,1.64650
342,1.64913
343,1.64663
344,1.64788
345,1.65400
346,1.64688
347,1.65288
348,1.65300
349,1.64925
350,1.64663
351,1.65075
352,1.64900
353,1.65075
354,1.65975
355,1.64975
356,1.64575
357,1.65375
358,1.65188
359,1.65025
360,1.64913
361,1.64850
362,1.64875
363,1.64650
364,1.64838
365,1.65188
366,1.65038
367,1.65250
368,1.65213
369,1.65913
370,1.64350
371,1.64863
372,1.65150
373,1.65838
374,1.65100
375,1.65300
376,1.64575
377,1.65213
378,1.64625
379,1.64950
380,1.65175
381,1.64675
382,1.64325
383,1.64775
384,1.65113
385,1.65175
386,1.64088
387,1.65000
388,1.65750
389,1.65263
390,1.64238
391,1.65088
392,1.65413
393,1.64113
394,1.65000
395,1.65125
396,1.65300
397,1.64625
398,1.65200
399,1.63338
400,1.64775
401,1.65888
402,1.65613
403,1.64588
404,1.65475
405,1.65638
406,1.64700
407,1.65075
408,1.64588
409,1.64650
410,1.65325
411,1.64788
412,1.64800
413,1.65038
414,1.64438
415,1.65088
416,1.65063
417,1.64150
418,1.65238
419,1.65288
420,1.64800
421,1.64750
422,1.64875
423,1.64463
424,1.64063
425,1.65025
426,1.65700
427,1.64850
428,1.64300
429,1.65688
430,1.65638
431,1.65288
432,1.64725
433,1.65100
434,1.65050
435,1.64125
436,1.64513
437,1.64300
438,1.64500
439,1.64450
440,1.65175
441,1.66013
442,1.64825
443,1.65200
444,1.64338
445,1.65238
446,1.64225
447,1.66013
448,1.64975
449,1.65213
450,1.64288
451,1.64638
452,1.65850
453,1.64750
454,1.65300
455,1.65650
456,1.64988
457,1.65338
458,1.64825
459,1.65088
460,1.64425
461,1.63888
462,1.65850
463,1.65650
464,1.64663
465,1.64550
466,1.63438
467,1.65650
468,1.63938
469,1.64250
470,1.66050
471,1.65150
472,1.65200
473,1.65138
474,1.65725
475,1.64088
476,1.63763
477,1.63063
478,1.64763
479,1.65100
480,1.63975
481,1.66875
482,1.64000
483,1.65213
484,1.66100
485,1.63538
486,1.65125
487,1.64038
488,1.64588
489,1.63750
490,1.64300
491,1.66363
492,1.62963
493,1.67288
494,1.64713
495,1.64988
496,1.65288
497,1.65088
498,1.65925
499,1.64488
500,1.64763
501,1.65588
502,1.64913
503,1.64825
504,1.64463
505,1.65075
506,1.64938
507,1.64825
508,1.65963
509,1.64800
510,1.65388
511,1.64600
512,1.65588
513,1.65663
514,1.64638
515,1.65338
516,1.64500
517,1.64613
518,1.65363
519,1.63588
520,1.64088
521,1.63888
522,1.64563
523,1.65038
524,1.64025
525,1.65000
526,1.64725
527,1.65588
528,1.66175
529,1.64913
530,1.65213
531,1.65350
532,1.64600
533,1.65075
534,1.64488
535,1.64550
536,1.65238
537,1.63625
538,1.65350
539,1.65525
540,1.63988
541,1.64550
542,1.65388
543,1.65163
544,1.64538
545,1.65238
546,1.64863
547,1.64975
548,1.64463
549,1.64738
550,1.65475
551,1.65125
552,1.64788
553,1.64800
554,1.64938
555,1.65250
556,1.64925
557,1.64738
558,1.65050
559,1.64888
560,1.64925
561,1.65100
562,1.66188
563,1.64363
564,1.64613
565,1.65063
566,1.64788
567,1.64950
568,1.65075
569,1.65113
570,1.63988
571,1.64625
572,1.64963
573,1.65025
574,1.64713
575,1.65238
576,1.65050
577,1.65988
578,1.64450
579,1.64938
580,1.65813
581,1.64413
582,1.64688
583,1.64750
584,1.65163
585,1.64513
586,1.65025
587,1.65113
588,1.65175
589,1.63825
590,1.65063
591,1.65850
592,1.64463
593,1.64488
594,1.64238
595,1.65388
596,1.64513
597,1.64363
598,1.65213
599,1.65013
600,1.64625
601,1.64863
602,1.64700
603,1.65638
604,1.64850
605,1.64325
606,1.65913
607,1.64963
608,1.64938
609,1.64588
610,1.65163
611,1.65038
612,1.64150
613,1.64538
614,1.65788
615,1.65875
616,1.65550
617,1.64900
618,1.64625
619,1.65025
620,1.65500
621,1.65613
622,1.64575
623,1.63313
624,1.64450
625,1.64513
626,1.64388
627,1.64925
628,1.64863
629,1.65125
630,1.64975
631,1.64838
632,1.65113
633,1.64450
634,1.64213
635,1.65100
636,1.65663
637,1.64150
638,1.64650
639,1.65238
640,1.64600
641,1.66050
642,1.64438
643,1.65113
644,1.65800
645,1.63875
646,1.65263
647,1.65475
648,1.65188
649,1.64275
650,1.64225
651,1.65888
652,1.65713
653,1.63613
654,1.64738
655,1.65350
656,1.64700
657,1.64638
658,1.64625
659,1.65913
660,1.64800
661,1.64588
662,1.65300
663,1.65475
664,1.64250
665,1.64825
666,1.64738
667,1.65025
668,1.64313
669,1.63888
670,1.65163
671,1.65100
672,1.64513
673,1.65300
674,1.65538
675,1.65113
676,1.64475
677,1.64275
678,1.64913
679,1.66000
680,1.64838
681,1.64475
682,1.64875
683,1.64800
684,1.65250
685,1.64838
686,1.64963
687,1.64038
688,1.65025
689,1.65238
690,1.65263
691,1.65088
692,1.65550
693,1.64188
694,1.65088
695,1.65638
696,1.65175
697,1.65300
698,1.64800
699,1.65813
700,1.64800
701,1.63688
702,1.63975
703,1.65600
704,1.64788
705,1.65000
706,1.64350
707,1.65700
708,1.64800
709,1.64113
710,1.65250
711,1.65413
712,1.65150
713,1.64700
714,1.64213
715,1.65700
716,1.65013
717,1.63875
718,1.64800
719,1.65088
720,1.64825
721,1.64700
722,1.64950
723,1.65613
724,1.65688
725,1.64688
726,1.65288
727,1.65025
728,1.64525
729,1.64713
730,1.64688
731,1.65438
732,1.65250
733,1.64850
734,1.64988
735,1.64288
736,1.65175
737,1.65038
738,1.65238
739,1.65088
740,1.64663
741,1.64875
742,1.65388
743,1.64938
744,1.65163
745,1.65625
746,1.64088
747,1.64450
748,1.64375
749,1.64900
750,1.64538
751,1.65288
752,1.64788
753,1.64238
754,1.64438
755,1.65263
756,1.65375
757,1.65475
758,1.64638
759,1.65025
760,1.64625
761,1.64675
762,1.64513
763,1.65175
764,1.65050
765,1.64613
766,1.64850
767,1.65350
768,1.64963
769,1.64825
770,1.64650
771,1.65438
772,1.64750
773,1.63913
774,1.64538
775,1.65575
776,1.65550
777,1.65288
778,1.64800
779,1.65525
780,1.65875
781,1.64750
782,1.64288
783,1.65738
784,1.64275
785,1.65275
786,1.65075
787,1.65688
788,1.64063
789,1.65238
790,1.64975
791,1.64750
792,1.65613
793,1.64700
794,1.65638
795,1.65125
796,1.64488
797,1.65263
798,1.64988
799,1.64863
800,1.64888
801,1.65375
802,1.65300
803,1.65113
804,1.64113
805,1.65488
806,1.64413
807,1.64825
808,1.65125
809,1.64650
810,1.65563
811,1.64438
812,1.65213
813,1.65213
814,1.63825
815,1.64638
816,1.65675
817,1.65513
818,1.64450
819,1.64600
820,1.65325
821,1.65050
822,1.64325
823,1.65338
824,1.65313
825,1.64913
826,1.64450
827,1.64788
828,1.65488
829,1.65013
830,1.64363
831,1.66363
832,1.64513
833,1.64888
834,1.64650
835,1.64675
836,1.65725
837,1.64363
838,1.65000
839,1.65488
840,1.64775
841,1.64538
842,1.64525
843,1.65450
844,1.65288
845,1.64813
846,1.64775
847,1.65950
848,1.64088
849,1.64313
850,1.65513
851,1.64625
852,1.64875
853,1.64875
854,1.64925
855,1.65125
856,1.64725
857,1.64763
858,1.65613
859,1.64850
860,1.64188
861,1.65063
862,1.65588
863,1.64650
864,1.65425
865,1.65100
866,1.65250
867,1.63425
868,1.65350
869,1.65663
870,1.64675
871,1.64625
872,1.65450
873,1.65213
874,1.64975
875,1.64538
876,1.65013
877,1.65000
878,1.64800
879,1.64750
880,1.64463
881,1.65138
882,1.64313
883,1.64913
884,1.65663
885,1.64850
886,1.64188
887,1.64400
888,1.66438
889,1.64700
890,1.63838
891,1.65650
892,1.65388
893,1.64663
894,1.65488
895,1.64738
896,1.65800
897,1.64113
898,1.65163
899,1.65338
900,1.64525
901,1.65213
902,1.65088
903,1.64938
904,1.65550
905,1.63988
906,1.65238
907,1.65088
908,1.64713
909,1.65338
910,1.64138
911,1.65775
912,1.64013
913,1.65400
914,1.65213
915,1.65150
916,1.64663
917,1.63363
918,1.66300
919,1.64650
920,1.64875
921,1.65550
922,1.65350
923,1.65838
924,1.61513
925,1.66575
926,1.66713
927,1.62250
928,1.65863
929,1.64088
930,1.65438
931,1.65350
932,1.63013
933,1.67513
934,1.64688
935,1.62988
936,1.66000
937,1.63925
938,1.63413
939,1.65488
940,1.65288
941,1.64000
942,1.65088
943,1.64713
944,1.65013
945,1.66563
946,1.64088
947,1.64663
948,1.65325
949,1.64513
950,1.64913
951,1.64238
952,1.65325
953,1.64550
954,1.64888
955,1.65075
956,1.64238
957,1.64513
958,1.64425
959,1.65475
960,1.65400
961,1.65363
962,1.64213
963,1.64888
964,1.63388
965,1.64988
966,1.63063
967,1.64763
968,1.62575
969,1.64225
970,1.65063
971,1.64288
972,1.64075
973,1.65788
974,1.66100
975,1.65213
976,1.65438
977,1.63188
978,1.65838
979,1.65925
980,1.65413
981,1.65088
982,1.64938
983,1.64138
984,1.65363
985,1.64675
986,1.65138
987,1.64825
988,1.64138
989,1.66113
990,1.64800
991,1.62888
992,1.65675
993,1.64775
994,1.65625
995,1.65038
996,1.65050
997,1.66213
998,1.64988
999,1.64213
1000,1.65425
1001,1.64913
1002,1.65725
1003,1.65138
1004,1.65038
1005,1.65363
1006,1.63813
1007,1.64663
1008,1.65775
1009,1.64800
1010,1.64725
1011,1.65313
1012,1.65063
1013,1.65463
1014,1.64075
1015,1.65450
1016,1.63775
1017,1.64738
1018,1.65375
1019,1.64163
1020,1.65700
1021,1.65975
1022,1.63250
1023,1.65738
1024,1.64513
1025,1.64463
1026,1.65900
1027,1.65613
1028,1.65675
1029,1.64625
1030,1.65125
1031,1.65088
1032,1.64225
1033,1.65188
1034,1.64738
1035,1.65400
1036,1.64400
1037,1.65513
1038,1.64875
1039,1.65050
1040,1.64125
1041,1.64813
1042,1.65925
1043,1.64150
1044,1.65113
1045,1.65475
1046,1.64938
1047,1.64863
1048,1.65400
1049,1.65063
1050,1.64975
1051,1.64413
1052,1.65963
1053,1.65325
1054,1.65113
1055,1.65213
1056,1.65138
1057,1.65000
1058,1.65075
1059,1.65325
1060,1.65225
1061,1.64888
1062,1.64675
1063,1.64925
1064,1.64975
1065,1.65025
1066,1.65350
1067,1.65113
1068,1.65238
1069,1.64888
1070,1.64875
1071,1.65050
1072,1.65450
1073,1.65375
1074,1.65563
1075,1.64913
1076,1.65238
1077,1.64850
1078,1.64613
1079,1.65188
1080,1.65500
1081,1.64525
1082,1.64613
1083,1.64900
1084,1.64875
1085,1.64438
1086,1.64838
1087,1.64988
1088,1.65000
1089,1.64550
1090,1.65138
1091,1.64513
1092,1.65013
1093,1.64663
1094,1.64825
1095,1.65338
1096,1.64113
1097,1.64675
1098,1.65788
1099,1.65013
1100,1.64075
1101,1.64875
1102,1.64800
1103,1.65300
1104,1.64788
1105,1.65275
1106,1.65575
1107,1.64463
1108,1.64538
1109,1.65200
1110,1.65613
1111,1.64488
1112,1.64325
1113,1.65450
1114,1.64925
1115,1.64400
1116,1.64463
1117,1.65525
1118,1.64975
1119,1.64413
1120,1.65038
1121,1.65338
1122,1.64775
1123,1.64188
1124,1.65175
1125,1.65388
1126,1.64700
1127,1.65613
1128,1.64725
1129,1.65063
1130,1.64575
1131,1.64825
1132,1.65375
1133,1.65050
1134,1.63863
1135,1.65625
1136,1.64338
1137,1.64325
1138,1.64788
1139,1.64750
1140,1.65175
1141,1.64900
1142,1.65488
1143,1.65850
1144,1.64888
1145,1.62950
1146,1.65888
1147,1.64700
1148,1.65338
1149,1.65600
1150,1.64663
1151,1.64900
1152,1.65525
1153,1.65463
1154,1.65888
1155,1.63550
1156,1.65950
1157,1.64913
1158,1.64463
1159,1.63688
1160,1.64313
1161,1.65050
1162,1.65663
1163,1.64413
1164,1.63313
1165,1.65450
1166,1.64013
1167,1.65275
1168,1.64763
1169,1.66088
1170,1.66150
1171,1.64288
1172,1.64788
1173,1.64763
1174,1.65713
1175,1.64163
1176,1.64813
1177,1.65613
1178,1.64263
1179,1.65113
1180,1.64863
1181,1.64763
1182,1.64425
1183,1.63488
1184,1.65288
1185,1.64950
1186,1.64950
1187,1.63350
1188,1.63600
1189,1.67075
1190,1.64950
1191,1.64138
1192,1.64263
1193,1.65550
1194,1.64900
1195,1.64463
1196,1.64800
1197,1.65463
1198,1.64350
1199,1.65663
1200,1.65838
1201,1.64663
1202,1.65950
1203,1.64825
1204,1.64588
1205,1.64600
1206,1.62838
1207,1.65588
1208,1.64775
1209,1.64425
1210,1.64475
1211,1.65350
1212,1.63963
1213,1.65500
1214,1.64325
1215,1.65025
1216,1.65625
1217,1.64475
1218,1.65825
1219,1.64675
1220,1.64863
1221,1.63775
1222,1.64713
1223,1.64675
1224,1.65213
1225,1.60975
1226,1.65288
1227,1.64025
1228,1.64000
1229,1.64838
1230,1.63550
1231,1.65563
1232,1.64763
1233,1.64950
1234,1.64238
1235,1.63625
1236,1.64938
1237,1.66075
1238,1.64450
1239,1.64863
1240,1.64788
1241,1.65888
1242,1.65063
1243,1.64525
1244,1.64725
1245,1.64800
1246,1.64775
1247,1.64988
1248,1.65700
1249,1.64225
1250,1.63913
1251,1.64613
1252,1.64900
1253,1.65650
1254,1.64113
1255,1.64988
1256,1.65525
1257,1.63950
1258,1.64338
1259,1.65113
1260,1.65475
1261,1.64350
1262,1.64563
1263,1.64925
1264,1.64838
1265,1.64788
1266,1.64725
1267,1.66075
1268,1.64613
1269,1.64950
1270,1.65063
1271,1.65175
1272,1.65063
1273,1.64188
1274,1.65100
1275,1.65638
1276,1.63950
1277,1.65338
1278,1.65888
1279,1.65763
1280,1.64975
1281,1.64538
1282,1.65088
1283,1.65938
1284,1.64775
1285,1.65488
1286,1.65450
1287,1.64475
1288,1.64600
1289,1.65000
1290,1.64938
1291,1.64838
1292,1.64350
1293,1.64575
1294,1.65350
1295,1.64150
1296,1.64463
1297,1.65300
1298,1.64913
1299,1.66013
1300,1.64863
1301,1.65550
1302,1.64938
1303,1.64238
1304,1.64388
1305,1.64875
1306,1.64250
1307,1.64738
1308,1.65175
1309,1.64638
1310,1.64750
1311,1.64975
1312,1.65138
1313,1.65688
1314,1.64788
1315,1.65675
1316,1.66013
1317,1.64475
1318,1.64588
1319,1.65950
1320,1.63588
1321,1.65775
1322,1.64950
1323,1.64538
1324,1.65825
1325,1.64675
1326,1.64838
1327,1.65213
1328,1.64688
1329,1.65300
1330,1.64325
1331,1.65713
1332,1.65450
1333,1.64988
1334,1.64988
1335,1.65825
1336,1.65475
1337,1.64963
1338,1.65288
1339,1.65250
1340,1.64363
1341,1.64713
1342,1.65338
1343,1.64963
1344,1.64363
1345,1.64975
1346,1.65475
1347,1.65038
1348,1.64063
1349,1.64975
1350,1.65813
1351,1.65288
1352,1.63650
1353,1.64688
1354,1.65650
1355,1.64013
1356,1.64750
1357,1.64750
1358,1.65088
1359,1.64225
1360,1.63775
1361,1.64775
1362,1.65025
1363,1.64813
1364,1.66025
1365,1.65225
1366,1.64900
1367,1.64250
1368,1.64463
1369,1.65625
1370,1.65563
1371,1.64638
1372,1.64238
1373,1.65050
1374,1.64213
1375,1.64938
1376,1.64525
1377,1.64975
1378,1.64675
1379,1.65713
1380,1.65013
1381,1.64875
1382,1.65025
1383,1.64388
1384,1.65825
1385,1.64875
1386,1.65050
1387,1.64000
1388,1.65663
1389,1.64613
1390,1.65550
1391,1.65275
1392,1.65388
1393,1.64588
1394,1.65050
1395,1.66188
1396,1.64775
1397,1.63875
1398,1.64263
1399,1.64763
1400,1.64650
1401,1.64975
1402,1.65800
1403,1.64738
1404,1.63650
1405,1.64150
1406,1.66125
1407,1.65175
1408,1.64463
1409,1.64850
1410,1.65163
1411,1.64550
1412,1.63838
1413,1.65213
1414,1.65650
1415,1.64538
1416,1.64288
1417,1.66138
1418,3.28963
1419,2.61938
1420,0.00650
1421,0.02025
1422,3.15100
1423,0.85825
1424,1.03700
1425,2.13838
1426,1.72388
1427,1.17713
1428,1.83888
1429,2.50725
1430,1.57288
1431,0.97738
1432,1.81763
1433,2.09700
1434,1.36238
1435,1.21900
1436,2.27025
1437,1.80050
1438,0.88925
1439,1.45000
1440,2.62013
1441,1.83263
1442,0.97013
1443,1.62300
1444,2.29338
1445,1.26800
1446,0.16275
1447,1.75588
1448,2.74750
1449,0.02425
1450,0.04900
1451,3.26725
1452,2.32600
1453,0.00663
1454,0.45875
1455,3.28925
1456,2.43975
1457,0.00650
1458,1.28950
1459,3.28950
1460,1.96525
1461,0.00625
1462,1.34063
1463,3.28950
1464,0.17600
1465,0.00625
1466,3.16988
1467,2.99650
1468,0.07463
1469,0.49650
1470,3.28938
1471,2.81850
1472,0.00650
1473,1.52600
1474,3.28225
1475,1.90113
1476,1.30025
1477,1.70438
1478,1.69438
1479,1.64175
1480,1.69638
1481,1.70650
1482,1.63888
1483,1.61438
1484,1.68363
1485,1.67150
1486,1.62838
1487,1.61025
1488,1.66975
1489,1.65575
1490,1.64550
1491,1.65788
1492,1.67350
1493,1.64838
1494,1.61000
1495,1.68750
1496,1.69213
1497,1.60775
1498,1.59525
1499,1.69800
1500,1.70938
1501,1.63588
1502,1.58913
1503,1.69800
1504,1.67763
1505,1.62075
1506,1.61950
1507,1.69263
1508,1.59525
1509,1.47550
1510,1.70363
1511,1.80475
1512,1.55100
1513,1.58088
1514,1.73825
1515,1.72125
1516,1.58200
1517,1.59163
1518,1.66825
1519,1.67350
1520,1.65250
1521,1.69350
1522,1.76550
1523,1.61363
1524,1.48388
1525,1.69988
1526,1.85288
1527,1.57588
1528,1.50788
1529,1.70888
1530,1.77788
1531,1.56988
1532,1.55438
1533,1.69638
1534,1.72138
1535,1.58825
1536,1.73713
1537,1.77988
1538,1.68975
1539,1.58650
1540,1.64763
1541,1.64113
1542,1.69675
1543,1.47663
1544,1.73250
1545,1.82325
1546,1.45250
1547,1.46975
1548,0.00625
1549,2.74850
1550,3.28988
1551,0.42738
1552,0.00638
1553,3.28950
1554,3.28963
1555,0.00638
1556,0.14125
1557,3.28975
1558,3.12763
1559,0.00638
1560,0.70838
1561,3.28963
1562,0.00638
1563,0.00625
1564,3.28963
1565,3.28975
1566,0.00650
1567,0.00613
1568,3.28963
1569,3.28963
1570,0.00650
1571,1.26725
1572,3.28975
1573,3.14850
1574,0.19338
1575,2.91813
1576,3.29013
1577,0.58338
1578,0.81613
1579,3.28975
1580,3.29013
1581,0.07263
1582,0.59588
1583,2.34863
1584,1.65488
1585,0.72275
1586,1.38025
1587,1.98213
1588,1.49263
1589,1.30650
1590,1.51275
1591,1.73688
1592,1.50613
1593,1.49250
1594,1.59600
1595,1.60563
1596,1.61513
1597,1.64450
1598,1.61688
1599,1.60838
1600,1.66175
1601,1.65400
1602,1.60700
1603,1.62263
1604,1.65575
1605,1.66050
1606,1.62488
1607,1.61850
1608,1.67413
1609,1.63475
1610,1.61100
1611,1.65263
1612,1.64863
1613,1.62988
1614,1.63463
1615,1.65988
1616,1.64925
1617,1.62275
1618,1.62375
1619,1.64675
1620,1.65225
1621,1.61400
1622,1.63975
1623,1.66350
1624,1.62050
1625,1.64300
1626,1.64963
1627,1.63850
1628,1.63725
1629,1.63200
1630,1.65050
1631,1.64000
1632,1.62613
1633,1.64063
1634,1.65450
1635,1.63288
1636,1.62938
1637,1.63450
1638,1.65175
1639,1.62500
1640,1.64025
1641,1.65900
1642,1.64813
1643,1.62600
1644,1.62950
1645,1.65013
1646,1.64163
1647,1.63088
1648,1.64663
1649,1.66613
1650,1.65000
1651,1.61838
1652,1.63788
1653,1.68938
1654,1.65513
1655,1.62388
1656,1.66000
1657,1.67750
1658,1.62863
1659,1.61963
1660,1.67338
1661,1.67325
1662,1.61263
1663,1.62400
1664,1.69463
1665,1.67913
1666,1.61213
1667,1.62775
1668,1.68363
1669,1.65388
1670,1.61125
1671,1.68563
1672,1.67125
1673,1.58363
1674,1.63963
1675,1.71363
1676,1.66613
1677,1.57725
1678,1.64413
1679,1.68788
1680,1.66938
1681,1.60838
1682,1.73150
1683,1.67938
1684,1.57075
1685,1.62613
1686,1.71200
1687,1.66563
1688,1.56825
1689,1.47238
1690,1.95925
1691,1.44763
1692,1.35975
1693,1.74688
1694,1.67325
1695,1.89088
1696,2.00700
1697,1.95988
1698,1.64988
1699,2.01075
1700,0.74450
1701,1.80013
1702,1.58775
1703,1.57688
1704,1.46325
1705,1.78413
1706,2.05600
1707,1.78713
1708,1.92263
1709,2.13475
1710,1.88400
1711,0.58525
1712,1.65125
1713,1.04200
1714,1.74613
1715,1.86513
1716,1.87013
1717,1.94213
1718,0.72388
1719,1.54000
1720,1.98288
1721,1.98488
1722,1.79650
1723,1.40913
1724,1.55200
1725,1.54825
1726,1.58863
1727,1.68238
1728,1.73263
1729,1.60613
1730,1.60463
1731,1.72525
1732,1.65363
1733,1.57363
1734,1.64488
1735,1.74325
1736,1.66463
1737,1.58250
1738,1.63263
1739,1.68738
1740,1.67050
1741,1.60038
1742,1.66975
1743,1.70350
1744,1.61413
1745,1.62463
1746,1.68613
1747,1.66763
1748,1.83525
1749,1.47900
1750,1.71550
1751,1.20975
1752,1.43425
1753,1.78088
1754,2.05725
1755,1.92225
1756,2.09050
1757,1.83088
1758,1.24175
1759,2.14400
1760,1.44225
1761,1.55000
1762,1.86150
1763,1.86525
1764,1.81413
1765,1.29200
1766,2.11488
1767,1.53125
1768,1.55738
1769,1.94575
1770,2.10013
1771,1.82450
1772,0.50800
1773,1.89163
1774,1.79163
1775,1.97488
1776,1.94038
1777,0.73125
1778,1.49863
1779,1.93150
1780,1.56450
1781,1.81663
1782,1.45138
1783,1.52013
1784,1.83213
1785,0.79325
1786,1.49138
1787,1.76050
1788,1.44525
1789,1.67125
1790,1.71350
1791,1.75713
1792,1.64550
1793,1.65925
1794,1.71000
1795,1.76575
1796,1.68013
1797,1.60900
1798,1.64113
1799,1.68875
1800,1.59713
1801,1.62450
1802,1.71225
1803,1.66975
1804,1.59300
1805,1.62875
1806,1.69800
1807,1.66563
1808,1.58375
1809,1.63925
1810,1.71038
1811,1.68263
1812,1.60375
1813,1.62088
1814,1.69863
1815,1.66538
1816,1.59813
1817,1.72463
1818,1.86425
1819,1.69888
1820,1.53688
1821,1.86625
1822,1.78800
1823,1.93200
1824,1.59825
1825,0.85850
1826,1.78513
1827,1.79163
1828,1.92850
1829,1.83813
1830,0.79888
1831,1.60400
1832,1.98188
1833,1.61663
1834,1.81350
1835,1.15975
1836,2.01562
1837,1.96088
1838,2.08613
1839,1.58563
1840,1.70038
1841,1.82588
1842,1.73825
1843,1.17525
1844,1.77138
1845,1.77100
1846,0.83138
1847,1.89300
1848,1.89713
1849,1.25100
1850,1.69225
1851,1.79463
1852,1.39875
1853,1.77163
1854,1.61575
1855,1.55700
1856,1.74238
1857,1.68738
1858,1.64375
1859,1.54038
1860,1.74613
1861,1.64813
1862,1.59300
1863,1.69363
1864,1.57650
1865,1.67713
1866,1.62300
1867,1.65175
1868,1.69863
1869,1.62838
1870,1.63738
1871,1.68838
1872,1.68250
1873,1.62113
1874,1.63938
1875,1.69175
1876,1.66750
1877,1.61100
1878,1.64613
1879,1.68688
1880,1.67563
1881,1.60225
1882,1.64175
1883,1.69088
1884,1.65488
1885,1.62038
1886,1.64700
1887,1.70313
1888,1.65625
1889,1.62775
1890,1.61800
1891,1.68188
1892,1.67125
1893,1.63075
1894,1.68750
1895,1.67800
1896,1.61100
1897,1.62500
1898,1.67000
1899,1.67238
1900,1.62563
1901,1.63350
1902,1.68675
1903,1.65800
1904,1.62350
1905,1.69175
1906,1.42500
1907,1.72413
1908,1.74738
1909,1.42025
1910,1.84175
1911,1.36463
1912,1.81975
1913,1.74100
1914,1.29538
1915,1.78600
1916,1.72213
1917,2.04650
1918,1.69713
1919,1.72025
1920,1.72688
1921,1.69113
1922,1.00150
1923,1.57588
1924,1.83238
1925,1.66600
1926,1.81875
1927,1.63950
1928,1.72838
1929,1.75888
1930,1.18300
1931,1.62975
1932,1.75713
1933,1.53250
1934,1.82000
1935,1.79525
1936,1.01425
1937,1.81825
1938,1.73150
1939,1.92250
1940,1.68863
1941,1.82150
1942,1.73600
1943,1.68775
1944,1.74988
1945,1.92050
1946,1.63300
1947,1.66663
1948,1.54113
1949,1.76950
1950,1.63850
1951,1.64450
1952,1.60063
1953,1.70063
1954,1.62325
1955,1.65738
1956,1.68663
1957,1.65925
1958,1.62513
1959,1.64475
1960,1.70275
1961,1.67438
1962,1.60388
1963,1.65025
1964,1.68913
1965,1.66063
1966,1.60325
1967,1.64063
1968,1.70625
1969,1.65563
1970,1.63413
1971,1.65488
1972,1.67438
1973,1.66113
1974,1.64175
1975,1.69425
1976,1.68650
1977,1.61550
1978,1.65075
1979,1.68513
1980,1.65788
1981,1.62188
1982,1.63750
1983,1.70213
1984,1.67088
1985,1.59963
1986,1.64338
1987,1.69700
1988,1.66388
1989,1.61175
1990,1.64213
1991,1.70425
1992,1.65825
1993,1.61450
1994,1.65400
1995,1.68025
1996,1.66575
1997,1.63300
1998,1.65075
1999,1.68025
2000,1.65613
2001,1.62150
2002,1.67325
2003,1.72763
2004,1.49250
2005,1.68613
2006,1.74875
2007,0.96388
2008,1.82975
2009,1.85325
2010,1.70938
2011,1.69938
2012,1.41400
2013,1.76825
2014,1.80825
2015,1.09925
2016,1.81175
2017,1.86088
2018,2.00063
2019,1.74950
2020,1.34038
2021,1.86588
2022,1.80263
2023,1.53800
2024,1.71388
2025,1.85288
2026,2.03113
2027,1.73588
2028,1.39588
2029,1.80788
2030,1.80063
2031,1.39563
2032,1.82450
2033,1.84088
2034,1.06388
2035,1.59338
2036,1.79513
2037,1.08800
2038,1.89200
2039,1.77213
2040,1.70625
2041,1.74113
2042,1.79325
2043,1.17850
2044,1.64988
2045,1.79863
2046,1.36350
2047,1.69813
2048,1.74363
2049,1.53325
2050,1.61738
2051,1.66663
2052,1.73413
2053,1.69688
2054,1.63700
2055,1.66125
2056,1.67700
2057,1.65900
2058,1.60963
2059,1.64763
2060,1.70363
2061,1.67600
2062,1.61288
2063,1.66150
2064,1.69713
2065,1.67038
2066,1.61663
2067,1.64963
2068,1.68663
2069,1.66375
2070,1.63325
2071,1.63850
2072,1.68775
2073,1.62925
2074,1.63700
2075,1.68613
2076,1.68063
2077,1.61988
2078,1.63888
2079,1.69688
2080,1.66200
2081,1.62350
2082,1.65650
2083,1.69825
2084,1.66363
2085,1.60688
2086,1.65325
2087,1.69588
2088,1.67125
2089,1.61250
2090,1.66313
2091,1.68238
2092,1.66325
2093,1.73263
2094,1.60625
2095,1.79963
2096,1.64513
2097,1.67475
2098,1.62650
2099,1.61750
2100,1.58463
2101,1.31863
2102,1.87100
2103,1.84300
2104,1.01113
2105,1.64425
2106,1.93463
2107,2.02975
2108,1.71038
2109,1.78038
2110,1.73213
2111,1.87013
2112,1.10988
2113,1.90525
2114,1.87763
2115,1.97350
2116,1.76713
2117,1.72150
2118,1.81563
2119,1.79388
2120,1.10438
2121,1.75438
2122,1.86688
2123,1.65025
2124,1.69163
2125,1.87700
2126,1.59588
2127,1.70600
2128,1.71225
2129,1.83263
2130,1.72863
2131,1.75788
2132,1.62813
2133,1.79325
2134,1.72063
2135,1.69125
2136,1.66025
2137,1.80875
2138,1.68550
2139,1.64563
2140,1.79225
2141,1.49525
2142,1.74138
2143,1.63925
2144,1.65200
2145,1.73875
2146,1.50800
2147,1.70250
2148,1.66325
2149,1.69088
2150,1.62225
2151,1.63963
2152,1.68813
2153,1.66800
2154,1.63150
2155,1.64325
2156,1.69575
2157,1.66325
2158,1.61738
2159,1.64638
2160,1.69963
2161,1.67075
2162,1.61763
2163,1.64650
2164,1.68663
2165,1.66888
2166,1.64375
2167,1.63738
2168,1.68513
2169,1.63625
2170,1.64063
2171,1.69975
2172,1.69400
2173,1.62025
2174,1.65013
2175,1.69863
2176,1.67088
2177,1.62163
2178,1.65738
2179,1.69888
2180,1.67675
2181,1.34600
2182,1.70038
2183,1.69075
2184,1.51125
2185,1.58513
2186,1.90725
2187,1.09325
2188,1.67313
2189,1.81575
2190,2.00075
2191,1.65500
2192,1.82313
2193,1.96688
2194,1.71125
2195,1.54363
2196,1.73513
2197,1.78925
2198,1.49300
2199,1.61713
2200,1.75163
2201,1.15863
2202,1.59650
2203,1.80438
2204,1.06813
2205,1.72013
2206,1.82688
2207,1.43575
2208,1.67563
2209,1.74675
2210,1.42488
2211,1.77350
2212,1.67200
2213,1.54363
2214,1.70600
2215,1.72813
2216,1.57688
2217,1.70263
2218,1.74275
2219,1.69550
2220,1.65250
2221,1.67700
2222,1.70513
2223,1.63038
2224,1.66388
2225,1.72275
2226,1.70088
2227,1.58638
2228,1.65125
2229,1.72775
2230,1.64863
2231,1.62363
2232,1.64775
2233,1.71663
2234,1.67900
2235,1.61763
2236,1.64675
2237,1.70900
2238,1.67138
2239,1.62350
2240,1.65263
2241,1.72363
2242,1.64863
2243,1.63513
2244,1.65488
2245,1.69763
2246,1.67163
2247,1.65988
2248,1.65325
2249,1.69363
2250,1.66563
2251,1.64913
2252,1.67863
2253,1.66363
2254,1.62938
2255,1.65938
2256,1.69950
2257,1.66838
2258,1.68313
2259,1.66800
2260,1.64125
2261,1.66263
2262,1.69000
2263,1.66988
2264,1.63463
2265,1.65750
2266,1.70463
2267,1.67325
2268,1.63138
2269,1.67363
2270,1.56738
2271,1.64138
2272,1.76938
2273,1.66713
2274,1.64113
2275,1.65350
2276,1.69088
2277,1.66025
2278,1.64063
2279,1.67713
2280,1.68938
2281,1.62125
2282,1.66413
2283,1.70375
2284,1.68213
2285,1.62088
2286,1.65538
2287,1.70338
2288,1.67238
2289,1.63938
2290,1.65963
2291,1.69138
2292,1.67288
2293,1.63300
2294,1.66413
2295,1.73775
2296,1.67875
2297,1.58138
2298,1.66775
2299,1.73750
2300,1.67325
2301,1.59913
2302,1.69513
2303,1.67413
2304,1.66238
2305,1.68863
2306,1.66100
2307,1.64588
2308,1.67413
2309,1.67825
2310,1.65338
2311,1.65325
2312,1.68000
2313,1.65775
2314,1.66350
2315,1.69975
2316,1.64813
2317,1.64025
2318,1.67375
2319,1.68950
2320,1.63825
2321,1.64200
2322,1.71075
2323,1.68363
2324,1.61500
2325,1.66200
2326,1.70588
2327,1.68088
2328,1.61000
2329,1.65975
2330,1.69325
2331,1.67013
2332,1.63700
2333,1.64713
2334,1.66250
2335,1.69763
2336,1.68250
2337,1.63463
2338,1.65250
2339,1.70750
2340,1.68213
2341,1.63713
2342,1.65813
2343,1.68313
2344,1.67213
2345,1.64038
2346,1.66213
2347,1.69663
2348,1.66100
2349,1.63400
2350,1.68038
2351,1.69400
2352,1.66775
2353,1.61663
2354,1.67125
2355,1.69850
2356,1.67000
2357,1.64350
2358,1.64850
2359,1.67688
2360,1.66813
2361,1.64675
2362,1.68175
2363,1.68500
2364,1.64325
2365,1.65475
2366,1.67513
2367,1.67513
2368,1.63875
2369,1.64938
2370,1.68250
2371,1.67625
2372,1.63825
2373,1.64475
2374,1.68313
2375,1.67900
2376,1.63463
2377,1.66013
2378,1.68350
2379,1.66275
2380,1.64363
2381,1.65700
2382,1.68988
2383,1.66513
2384,1.64400
2385,1.66000
2386,1.67775
2387,1.67063
2388,1.63300
2389,1.68200
2390,1.67500
2391,1.62800
2392,1.65525
2393,1.68125
2394,1.66975
2395,1.62963
2396,1.66213
2397,1.69888
2398,1.65925
2399,1.63613
2400,1.65450
2401,1.69613
2402,1.66975
2403,1.62688
2404,1.67013
2405,1.68475
2406,1.65825
2407,1.63875
2408,1.67025
2409,1.68125
2410,1.65238
2411,1.64500
2412,1.66638
2413,1.68138
2414,1.64313
2415,1.64213
2416,1.69150
2417,1.68738
2418,1.62913
2419,1.67675
2420,1.68563
2421,1.67600
2422,1.63188
2423,1.64763
2424,1.70375
2425,1.66313
2426,1.62825
2427,1.65538
2428,1.70400
2429,1.68075
2430,1.62863
2431,1.67350
2432,1.68613
2433,1.65025
2434,1.66125
2435,1.68038
2436,1.69588
2437,1.62975
2438,1.65900
2439,1.68950
2440,1.66675
2441,1.63388
2442,1.66413
2443,1.70775
2444,1.69075
2445,1.63550
2446,1.67200
2447,1.67763
2448,1.65238
2449,1.65550
2450,1.65938
2451,1.65175
2452,1.67088
2453,1.65563
2454,1.68388
2455,1.64325
2456,1.67163
2457,1.67388
2458,1.68250
2459,1.66088
2460,1.65938
2461,1.66563
2462,1.66563
2463,1.63563
2464,1.66963
2465,1.68488
2466,1.66875
2467,1.67550
2468,1.64525
2469,1.66075
2470,1.66963
2471,1.64213
2472,1.65388
2473,1.61438
2474,1.70588
2475,1.68400
2476,1.64438
2477,1.69213
2478,1.68875
2479,1.68775
2480,1.61838
2481,1.65700
2482,1.69675
2483,1.61675
2484,1.64588
2485,1.68500
2486,1.68225
2487,1.63538
2488,1.63063
2489,1.68650
2490,1.66700
2491,1.62850
2492,1.66663
2493,1.67788
2494,1.66688
2495,1.64038
2496,1.67500
2497,1.68563
2498,1.63513
2499,1.64438
2500,1.67488
2501,1.68863
2502,1.64550
2503,1.64663
2504,1.67275
2505,1.68038
2506,1.65650
2507,1.63550
2508,1.69288
2509,1.68463
2510,1.64725
2511,1.63988
2512,1.68000
2513,1.68388
2514,1.63600
2515,1.66088
2516,1.67988
2517,1.66938
2518,1.64388
2519,1.66050
2520,1.69525
2521,1.65188
2522,1.65000
2523,1.67438
2524,1.68038
2525,1.66650
2526,1.64063
2527,1.67313
2528,1.66313
2529,1.65988
2530,1.67125
2531,1.66175
2532,1.66838
2533,1.64975
2534,1.65175
2535,1.68813
2536,1.65988
2537,1.64313
2538,1.64538
2539,1.66938
2540,1.66213
2541,1.64650
2542,1.66775
2543,1.66750
2544,1.64550
2545,1.64813
2546,1.65388
2547,1.67725
2548,1.65738
2549,1.65438
2550,1.67200
2551,1.67225
2552,1.66200
2553,1.64363
2554,1.64075
2555,1.68600
2556,1.68075
2557,1.64800
2558,1.66725
2559,1.63300
2560,1.69238
2561,1.68338
2562,1.64475
2563,1.67913
2564,1.61275
2565,1.69225
2566,1.67125
2567,1.64913
2568,1.66950
2569,1.65088
2570,1.68038
2571,1.65538
2572,1.63275
2573,1.67700
2574,1.65013
2575,1.66175
2576,1.63950
2577,1.66388
2578,1.64825
2579,1.65725
2580,1.65975
2581,1.66938
2582,1.65338
2583,1.65000
2584,1.66000
2585,1.65713
2586,1.65275
2587,1.66150
2588,1.66563
2589,1.63638
2590,1.64550
2591,1.69613
2592,1.65638
2593,1.66313
2594,1.65050
2595,1.63950
2596,1.66900
2597,1.65725
2598,1.65625
2599,1.63538
2600,1.66088
2601,1.67025
2602,1.64450
2603,1.64763
2604,1.65500
2605,1.67063
2606,1.65738
2607,1.63775
2608,1.65975
2609,1.65613
2610,1.65088
2611,1.67550
2612,1.64888
2613,1.65475
2614,1.65000
2615,1.66888
2616,1.65575
2617,1.64713
2618,1.68150
2619,1.65700
2620,1.63313
2621,1.65713
2622,1.65638
2623,1.66000
2624,1.63700
2625,1.64513
2626,1.65950
2627,1.65875
2628,1.65713
2629,1.64150
2630,1.66800
2631,1.65388
2632,1.63213
2633,1.67213
2634,1.67388
2635,1.64813
2636,1.63838
2637,1.66175
2638,1.67450
2639,1.63663
2640,1.64763
2641,1.67375
2642,1.65800
2643,1.62125
2644,1.64375
2645,1.70950
2646,1.65150
2647,1.60313
2648,1.64438
2649,1.70875
2650,1.66200
2651,1.61288
2652,1.65400
2653,1.69100
2654,1.65763
2655,1.62938
2656,1.64825
2657,1.68763
2658,1.65875
2659,1.62463
2660,1.68475
2661,1.67725
2662,1.64225
2663,1.62175
2664,1.68163
2665,1.68000
2666,1.62850
2667,1.64513
2668,1.69325
2669,1.66113
2670,1.61000
2671,1.65013
2672,1.70675
2673,1.65625
2674,1.61025
2675,1.63775
2676,1.69550
2677,1.67200
2678,1.60600
2679,1.64413
2680,1.69838
2681,1.65338
2682,1.61900
2683,1.63563
2684,1.68063
2685,1.65738
2686,1.63800
2687,1.64600
2688,1.67150
2689,1.67313
2690,1.64938
2691,1.64075
2692,1.64438
2693,1.67238
2694,1.66163
2695,1.63538
2696,1.65575
2697,1.66638
2698,1.66463
2699,1.62475
2700,1.63300
2701,1.68425
2702,1.67438
2703,1.62050
2704,1.66088
2705,1.66963
2706,1.65813
2707,1.61750
2708,1.64825
2709,1.68288
2710,1.64850
2711,1.63675
2712,1.64700
2713,1.68100
2714,1.66438
2715,1.61938
2716,1.66888
2717,1.67400
2718,1.64725
2719,1.62488
2720,1.64525
2721,1.66550
2722,1.66100
2723,1.63775
2724,1.66713
2725,1.65288
2726,1.66225
2727,1.63775
2728,1.68825
2729,1.65713
2730,1.63250
2731,1.65250
2732,1.66950
2733,1.66000
2734,1.63150
2735,1.64463
2736,1.67438
2737,1.64738
2738,1.63550
2739,1.65150
2740,1.67425
2741,1.66350
2742,1.63738
2743,1.66588
2744,1.65763
2745,1.63813
2746,1.65688
2747,1.67063
2748,1.66525
2749,1.61875
2750,1.65738
2751,1.68600
2752,1.65313
2753,1.64213
2754,1.64250
2755,1.68513
2756,1.65913
2757,1.62513
2758,1.65875
2759,1.68088
2760,1.65363
2761,1.61813
2762,1.65900
2763,1.66550
2764,1.65250
2765,1.64400
2766,1.65163
2767,1.66663
2768,1.64950
2769,1.64550
2770,1.68025
2771,1.66113
2772,1.62725
2773,1.65288
2774,1.67888
2775,1.66263
2776,1.61925
2777,1.66150
2778,1.69813
2779,1.65325
2780,1.63200
2781,1.63750
2782,1.67688
2783,1.66025
2784,1.62925
2785,1.66863
2786,1.68288
2787,1.63538
2788,1.64438
2789,1.65438
2790,1.67600
2791,1.64800
2792,1.66788
2793,1.65850
2794,1.65288
2795,1.64500
2796,1.65575
2797,1.66250
2798,1.64313
2799,1.64550
2800,1.66150
2801,1.64875
2802,1.66988
2803,1.65700
2804,1.67000
2805,1.66050
2806,1.65200
2807,1.68438
2808,1.66238
2809,1.64588
2810,1.66000
2811,1.66538
2812,1.66200
2813,1.64588
2814,1.65238
2815,1.66525
2816,1.64863
2817,1.65413
2818,1.66863
2819,1.66238
2820,1.63988
2821,1.66025
2822,1.67475
2823,1.64450
2824,1.65250
2825,1.65600
2826,1.68738
2827,1.65188
2828,1.63188
2829,1.66225
2830,1.71063
2831,1.67163
2832,1.58700
2833,1.64975
2834,1.72013
2835,1.65888
2836,1.61813
2837,1.64525
2838,1.68050
2839,1.66813
2840,1.63138
2841,1.68513
2842,1.66650
2843,1.62400
2844,1.63325
2845,1.69088
2846,1.65875
2847,1.61338
2848,1.64725
2849,1.69425
2850,1.65888
2851,1.61388
2852,1.64138
2853,1.69563
2854,1.65038
2855,1.61438
2856,1.65550
2857,1.70750
2858,1.64788
2859,1.58463
2860,1.64488
2861,1.70588
2862,1.65813
2863,1.63700
2864,1.65288
2865,1.67475
2866,1.65738
2867,1.64113
2868,1.65750
2869,1.66350
2870,1.59950
2871,1.64513
2872,1.71663
2873,1.67438
2874,1.58988
2875,1.65063
2876,1.71700
2877,1.65050
2878,1.59913
2879,1.65400
2880,1.70313
2881,1.65213
2882,1.59925
2883,1.65288
2884,1.69963
2885,1.65925
2886,1.60113
2887,1.65913
2888,1.70313
2889,1.65550
2890,1.59775
2891,1.63725
2892,1.67825
2893,1.66763
2894,1.63975
2895,1.71213
2896,1.66575
2897,1.59800
2898,1.63000
2899,1.70875
2900,1.65388
2901,1.58725
2902,1.65238
2903,1.71100
2904,1.65463
2905,1.60988
2906,1.64425
2907,1.70400
2908,1.66038
2909,1.60350
2910,1.65188
2911,1.70463
2912,1.65625
2913,1.59988
2914,1.64763
2915,1.69125
2916,1.64550
2917,1.64700
2918,1.65350
2919,1.67638
2920,1.60613
2921,1.64650
2922,1.70375
2923,1.67000
2924,1.59888
2925,1.65450
2926,1.72025
2927,1.65738
2928,1.58913
2929,1.65663
2930,1.71625
2931,1.64638
2932,1.59200
2933,1.65875
2934,1.71488
2935,1.65900
2936,1.60200
2937,1.65763
2938,1.70325
2939,1.65088
2940,1.63325
2941,1.65463
2942,1.68750
2943,1.65900
2944,1.62213
2945,1.72275
2946,1.67938
2947,1.59563
2948,1.62913
2949,1.71625
2950,1.66175
2951,1.59963
2952,1.64213
2953,1.72038
2954,1.65563
2955,1.57325
2956,1.65350
2957,1.72300
2958,1.66025
2959,1.57650
2960,1.62538
2961,1.73938
2962,1.65850
2963,1.61663
2964,1.64763
2965,1.67363
2966,1.59888
2967,1.64913
2968,1.70800
2969,1.64838
2970,1.57925
2971,1.65113
2972,1.72125
2973,1.65163
2974,1.59700
2975,1.65888
2976,1.66863
2977,1.64238
2978,1.63850
2979,1.73475
2980,1.66100
2981,1.57363
2982,1.64863
2983,1.72275
2984,1.66250
2985,1.52825
2986,1.66800
2987,1.68413
2988,1.64838
2989,1.61750
2990,1.70663
2991,1.70625
2992,1.60625
2993,1.61138
2994,1.71638
2995,1.65363
2996,1.61400
2997,1.64400
2998,1.70125
2999,1.66225
3000,1.63088
3001,1.64150
3002,1.66625
3003,1.65163
3004,1.64038
3005,1.66313
3006,1.65913
3007,1.60525
3008,1.64725
3009,1.70788
3010,1.67450
3011,1.59400
3012,1.64738
3013,1.72825
3014,1.64988
3015,1.59488
3016,1.64125
3017,1.70763
3018,1.63563
3019,1.63250
3020,1.72113
3021,1.56988
3022,1.54863
3023,1.68938
3024,1.38200
3025,1.87063
3026,1.73750
3027,1.65013
3028,1.77238
3029,1.66863
3030,1.81675
3031,1.67663
3032,1.29525
3033,1.69488
3034,1.74450
3035,1.76413
3036,1.68450
3037,1.57038
3038,1.69638
3039,1.88325
3040,1.10375
3041,1.69500
3042,1.82638
3043,1.80025
3044,1.72038
3045,1.47538
3046,1.75263
3047,1.86688
3048,1.19138
3049,1.50100
3050,1.75825
3051,1.34413
3052,1.63950
3053,1.68150
3054,1.14388
3055,1.71075
3056,1.77438
3057,1.80275
3058,1.75150
3059,1.76000
3060,1.74825
3061,1.69088
3062,1.80975
3063,1.58550
3064,1.65625
3065,1.65338
3066,1.69800
3067,1.66125
3068,1.55113
3069,1.64888
3070,1.69475
3071,1.67313
3072,1.61025
3073,1.63138
3074,1.69488
3075,1.64900
3076,1.59113
3077,1.65188
3078,1.71625
3079,1.65875
3080,1.60875
3081,1.65575
3082,1.69000
3083,1.65688
3084,1.60888
3085,1.69188
3086,1.68163
3087,1.61263
3088,1.60300
3089,1.69375
3090,1.65863
3091,1.60925
3092,1.63388
3093,1.70600
3094,1.66938
3095,1.60050
3096,1.64400
3097,1.70150
3098,1.66338
3099,1.58938
3100,1.63538
3101,1.74375
3102,1.51875
3103,1.66050
3104,1.61750
3105,1.63538
3106,1.65163
3107,1.73375
3108,1.36125
3109,1.84300
3110,1.83900
3111,1.82825
3112,1.83200
3113,1.83175
3114,1.67238
3115,1.71825
3116,1.46500
3117,1.73813
3118,1.73163
3119,0.84238
3120,2.08950
3121,1.86225
3122,0.92275
3123,1.66213
3124,1.62725
3125,1.77413
3126,1.73088
3127,1.51975
3128,1.83700
3129,1.77825
3130,1.21375
3131,1.83575
3132,1.90200
3133,1.19150
3134,1.70588
3135,1.74588
3136,1.31975
3137,1.66550
3138,1.72363
3139,1.71363
3140,1.67750
3141,1.74675
3142,1.65588
3143,1.71075
3144,1.68750
3145,1.51063
3146,1.68450
3147,1.74263
3148,1.70175
3149,1.39788
3150,1.68500
3151,1.73025
3152,1.66788
3153,1.58575
3154,1.63688
3155,1.72550
3156,1.66538
3157,1.57188
3158,1.64200
3159,1.71400
3160,1.66763
3161,1.60775
3162,1.64113
3163,1.68513
3164,1.65313
3165,1.61463
3166,1.63813
3167,1.68975
3168,1.63550
3169,1.62913
3170,1.68413
3171,1.66288
3172,1.59513
3173,1.61288
3174,1.71188
3175,1.66363
3176,1.58263
3177,1.64250
3178,1.72100
3179,1.66150
3180,1.58713
3181,1.63988
3182,1.72313
3183,1.65750
3184,1.57700
3185,1.63600
3186,1.71938
3187,1.65750
3188,1.58525
3189,1.64200
3190,1.72325
3191,1.65450
3192,1.60638
3193,1.65050
3194,1.69200
3195,1.65763
3196,1.61100
3197,1.71325
3198,1.69200
3199,1.59950
3200,1.62325
3201,1.70338
3202,1.66150
3203,1.59688
3204,1.64375
3205,1.71050
3206,1.67000
3207,1.59325
3208,1.65075
3209,1.70100
3210,1.65313
3211,1.60138
3212,1.64750
3213,1.70825
3214,1.65800
3215,1.59750
3216,1.64963
3217,1.66263
3218,1.67163
3219,1.64163
3220,1.55250
3221,1.71088
3222,1.72100
3223,1.58938
3224,1.78063
3225,1.55825
3226,1.61650
3227,1.68025
3228,1.61700
3229,2.00500
3230,1.75850
3231,1.48075
3232,1.71350
3233,1.78250
3234,1.05825
3235,1.65300
3236,1.72313
3237,1.69875
3238,1.59925
3239,1.38088
3240,1.83800
3241,1.74975
3242,1.30163
3243,1.87300
3244,1.80463
3245,1.12450
3246,1.70363
3247,1.77050
3248,1.97438
3249,1.66413
3250,1.71875
3251,1.82688
3252,1.71450
3253,1.56875
3254,1.75788
3255,1.70500
3256,1.56613
3257,1.67363
3258,1.65900
3259,1.84113
3260,1.71225
3261,1.65638
3262,1.74775
3263,1.78713
3264,1.72675
3265,1.58988
3266,1.59325
3267,1.77525
3268,1.64788
3269,1.62763
3270,1.61900
3271,1.67900
3272,1.66400
3273,1.62238
3274,1.64963
3275,1.66400
3276,1.64888
3277,1.64150
3278,1.69350
3279,1.68975
3280,1.59475
3281,1.62250
3282,1.70963
3283,1.66363
3284,1.61450
3285,1.62463
3286,1.70763
3287,1.67525
3288,1.59825
3289,1.61288
3290,1.70838
3291,1.67050
3292,1.59150
3293,1.63575
3294,1.70688
3295,1.67038
3296,1.58738
3297,1.64588
3298,1.67538
3299,1.66725
3300,1.63125
3301,1.63838
3302,1.69363
3303,1.60338
3304,1.61475
3305,1.70950
3306,1.66863
3307,1.61038
3308,1.63013
3309,1.32963
3310,1.72325
3311,1.79375
3312,1.66563
3313,1.78975
3314,1.46800
3315,1.94725
3316,1.86113
3317,1.96213
3318,1.68088
3319,1.63875
3320,1.72663
3321,1.82838
3322,0.89575
3323,1.90225
3324,1.88800
3325,1.71988
3326,1.82438
3327,1.36813
3328,1.71125
3329,1.74600
3330,0.85975
3331,1.86438
3332,1.85525
3333,1.85238
3334,1.73588
3335,1.53550
3336,1.82000
3337,1.64925
3338,1.11650
3339,1.54563
3340,1.79600
3341,1.63975
3342,1.60788
3343,1.63438
3344,1.69663
3345,1.63875
3346,1.65100
3347,1.65675
3348,1.69788
3349,1.60663
3350,1.63438
3351,1.70725
3352,1.67813
3353,1.61025
3354,1.65188
3355,1.68238
3356,1.65038
3357,1.59800
3358,1.62975
3359,1.69863
3360,1.66975
3361,1.33725
3362,1.49788
3363,1.94238
3364,1.86900
3365,1.50563
3366,1.69738
3367,1.87388
3368,1.79725
3369,1.06288
3370,1.42675
3371,1.94388
3372,1.70013
3373,1.74113
3374,1.66550
3375,1.68113
3376,1.79713
3377,1.21100
3378,1.52650
3379,1.84300
3380,1.59350
3381,1.62138
3382,1.88875
3383,1.69750
3384,1.63425
3385,1.70575
3386,1.87475
3387,1.68425
3388,1.62038
3389,1.70050
3390,1.71938
3391,1.80225
3392,1.72888
3393,1.65750
3394,1.68338
3395,1.69175
3396,1.47400
3397,1.74975
3398,1.70363
3399,1.57888
3400,1.62063
3401,1.72788
3402,1.65938
3403,1.56950
3404,1.64763
3405,1.72388
3406,1.65600
3407,1.56525
3408,1.65675
3409,1.75225
3410,1.66600
3411,1.57838
3412,1.63388
3413,1.73938
3414,1.64013
3415,1.59688
3416,1.63450
3417,1.70313
3418,1.65425
3419,1.60713
3420,1.63063
3421,1.68313
3422,1.57438
3423,1.62063
3424,1.74488
3425,1.68275
3426,1.55975
3427,1.62475
3428,1.75338
3429,1.66475
3430,1.55813
3431,1.64138
3432,1.74850
3433,1.65650
3434,1.56013
3435,1.64013
3436,1.74388
3437,1.65213
3438,1.57738
3439,1.65225
3440,1.63475
3441,1.65625
3442,1.66850
3443,1.64263
3444,1.62700
3445,1.65925
3446,1.68750
3447,1.64000
3448,1.62300
3449,1.66725
3450,1.68050
3451,1.64250
3452,1.60588
3453,1.65713
3454,1.66775
3455,1.63838
3456,1.68388
3457,1.67238
3458,1.66400
3459,1.62613
3460,1.64463
3461,1.67525
3462,1.66238
3463,1.62575
3464,1.63638
3465,1.67425
3466,1.66438
3467,1.63000
3468,1.65888
3469,1.66650
3470,1.66475
3471,1.65075
3472,1.67575
3473,1.65200
3474,1.63038
3475,1.67388
3476,1.63638
3477,1.66625
3478,1.65088
3479,1.66763
3480,1.65200
3481,1.62450
3482,1.64263
3483,1.63575
3484,1.64188
3485,1.64100
3486,1.64238
3487,1.64813
3488,1.67063
3489,1.65663
3490,1.63288
3491,1.60713
3492,1.66650
3493,1.68025
3494,1.66413
3495,1.65350
3496,1.65775
3497,1.66200
3498,1.63925
3499,1.64300
3500,1.64900
3501,1.65138
3502,1.64488
3503,1.65663
3504,1.64375
3505,1.65525
3506,1.73475
3507,0.49638
3508,1.92475
3509,1.94488
3510,1.90925
3511,1.81138
3512,1.75900
3513,1.56663
3514,1.79263
3515,1.69338
3516,1.66188
3517,1.65175
3518,1.37875
3519,1.54038
3520,1.56025
3521,1.59250
3522,1.60025
3523,1.61800
3524,1.63125
3525,1.69963
3526,1.66938
3527,1.68125
3528,1.61988
3529,1.63825
3530,1.68513
3531,1.65463
3532,1.67275
3533,1.65563
3534,1.65338
3535,1.65388
3536,1.65000
3537,1.64450
3538,1.65475
3539,1.62825
3540,1.62288
3541,1.65475
3542,1.64538
3543,1.65775
3544,1.61675
3545,1.65275
3546,1.62438
3547,1.64450
3548,1.60613
3549,1.64425
3550,1.65250
3551,1.69325
3552,1.65100
3553,1.64150
3554,1.65113
3555,1.62975
3556,1.65063
3557,1.62325
3558,1.68488
3559,1.67488
3560,1.64763
3561,1.69650
3562,1.66525
3563,1.62938
3564,1.66288
3565,1.65475
3566,1.65325
3567,1.65425
3568,1.65963
3569,1.64600
3570,1.65650
3571,1.65325
3572,1.65288
3573,1.65200
3574,1.64950
3575,1.64363
3576,1.66225
3577,1.65075
3578,1.65063
3579,1.64325
3580,1.64925
3581,1.66163
3582,1.64900
3583,1.64800
3584,1.65163
3585,1.64925
3586,1.65450
3587,1.65775
3588,1.64613
3589,1.64838
3590,1.64713
3591,1.65338
3592,1.65250
3593,1.64750
3594,1.65225
3595,1.65163
3596,1.65588
3597,1.65150
3598,1.65263
3599,1.65000
3600,1.64988
3601,1.65225
3602,1.65088
3603,1.64813
3604,1.65300
3605,1.64738
3606,1.65563
3607,1.65163
3608,1.64938
3609,1.64863
3610,1.65313
3611,1.65800
3612,1.64800
3613,1.64488
3614,1.64725
3615,1.65225
3616,1.65038
3617,1.65400
3618,1.64500
3619,1.64700
3620,1.64488
3621,1.65238
3622,1.64913
3623,1.64650
3624,1.65275
3625,1.65063
3626,1.65438
3627,1.64750
3628,1.64163
3629,1.64850
3630,1.65113
3631,1.64838
3632,1.64938
3633,1.64813
3634,1.65800
3635,1.65000
3636,1.64125
3637,1.65013
3638,1.65063
3639,1.63900
3640,1.63788
3641,1.64663
3642,1.65200
3643,1.65450
3644,1.64688
3645,1.64963
3646,1.65000
3647,1.66163
3648,1.62900
3649,1.63700
3650,1.65625
3651,1.66075
3652,1.65138
3653,1.65925
3654,1.65075
3655,1.64813
3656,1.65600
3657,1.64700
3658,1.64325
3659,1.65238
3660,1.63263
3661,1.64788
3662,1.63975
3663,1.65100
3664,1.66188
3665,1.65550
3666,1.66038
3667,1.65650
3668,1.63825
3669,1.64675
3670,1.64850
3671,1.65263
3672,1.63475
3673,1.65163
3674,1.64775
3675,1.64800
3676,1.64988
3677,1.64975
3678,1.63513
3679,1.66075
3680,1.65038
3681,1.64613
3682,1.64000
3683,1.64425
3684,1.65325
3685,1.64225
3686,1.65150
3687,1.66313
3688,1.65275
3689,1.64638
3690,1.65025
3691,1.65763
3692,1.65625
3693,1.65325
3694,1.64350
3695,1.65525
3696,1.65313
3697,1.64563
3698,1.65163
3699,1.66100
3700,1.64638
3701,1.65038
3702,1.66788
3703,1.63563
3704,1.65988
3705,1.64550
3706,1.65863
3707,1.65575
3708,1.65713
3709,1.65563
3710,1.64938
3711,1.65025
3712,1.65338
3713,1.64363
3714,1.65538
3715,1.66788
3716,1.64700
3717,1.65663
3718,1.64325
3719,1.65063
3720,1.64750
3721,1.63925
3722,1.64913
3723,1.64438
3724,1.64788
3725,1.65125
3726,1.64575
3727,1.66638
3728,1.64638
3729,1.64325
3730,1.65925
3731,1.66275
3732,1.65600
3733,1.62725
3734,1.65113
3735,1.65013
3736,1.64175
3737,1.64763
3738,1.64375
3739,1.65125
3740,1.65313
3741,1.63913
3742,1.64850
3743,1.65263
3744,1.64038
3745,1.64788
3746,1.65050
3747,1.64750
3748,1.65188
3749,1.65588
3750,1.64925
3751,1.64800
3752,1.64925
3753,1.64663
3754,1.66075
3755,1.65388
3756,1.64788
3757,1.65163
3758,1.65013
3759,1.65775
3760,1.65025
3761,1.65438
3762,1.65263
3763,1.64763
3764,1.64475
3765,1.64888
3766,1.64725
3767,1.65038
3768,1.64763
3769,1.66000
3770,1.64963
3771,1.64550
3772,1.65550
3773,1.64750
3774,1.64988
3775,1.64600
3776,1.65863
3777,1.64663
3778,1.64325
3779,1.65038
3780,1.65113
3781,1.65113
3782,1.65050
3783,1.64788
3784,1.65575
3785,1.64713
3786,1.65200
3787,1.64913
3788,1.64850
3789,1.65288
3790,1.64950
3791,1.65100
3792,1.65463
3793,1.64663
3794,1.65425
3795,1.65663
3796,1.65013
3797,1.64713
3798,1.64775
3799,1.64488
3800,1.64863
3801,1.64775
3802,1.65188
3803,1.65438
3804,1.64900
3805,1.65588
3806,1.65563
3807,1.65200
3808,1.65688
3809,1.64975
3810,1.64638
3811,1.64050
3812,1.68663
3813,1.63363
3814,1.64413
3815,1.64463
3816,1.63775
3817,1.67025
3818,1.64938
3819,1.64875
3820,1.66250
3821,1.68463
3822,1.62125
3823,1.66988
3824,1.63700
3825,1.65800
3826,1.63800
3827,1.60188
3828,1.59688
3829,1.70175
3830,1.11888
3831,1.50300
3832,1.66000
3833,1.63350
3834,1.61838
3835,1.64888
3836,1.64250
3837,1.65525
3838,1.67475
3839,1.65263
3840,1.64325
3841,1.63525
3842,1.58100
3843,1.59500
3844,1.66625
3845,1.58213
3846,1.65800
3847,1.65038
3848,1.68838
3849,1.68388
3850,1.66313
3851,1.63775
3852,1.63750
3853,1.63813
3854,1.63363
3855,1.65688
3856,1.64650
3857,1.63925
3858,1.64300
3859,1.61075
3860,1.60300
3861,1.63338
3862,1.64863
3863,1.69425
3864,1.66363
3865,1.66338
3866,1.65113
3867,1.64113
3868,1.64675
3869,1.64363
3870,1.63400
3871,1.64113
3872,1.65700
3873,1.65388
3874,1.64175
3875,1.64963
3876,1.66175
3877,1.65875
3878,1.66375
3879,1.65200
3880,1.66513
3881,1.65363
3882,1.64063
3883,1.65488
3884,1.64950
3885,1.64088
3886,1.64188
3887,1.65150
3888,1.65213
3889,1.64188
3890,1.64613
3891,1.65588
3892,1.64850
3893,1.63813
3894,1.65375
3895,1.64975
3896,1.65088
3897,1.65888
3898,1.62138
3899,1.65850
3900,1.65888
3901,1.64650
3902,1.63450
3903,1.70575
3904,1.61825
3905,1.62250
3906,1.64275
3907,1.65425
3908,1.65925
3909,1.65313
3910,1.65050
3911,1.64300
3912,1.64825
3913,1.64063
3914,1.65325
3915,1.65625
3916,1.64200
3917,1.65100
3918,1.65550
3919,1.65650
3920,1.64513
3921,1.65100
3922,1.65925
3923,1.65063
3924,1.63750
3925,1.65350
3926,1.65513
3927,1.64763
3928,1.63738
3929,1.65825
3930,1.66275
3931,1.65888
3932,1.64638
3933,1.64325
3934,1.64538
3935,1.64725
3936,1.64988
3937,1.64938
3938,1.65200
3939,1.65188
3940,1.65050
3941,1.65000
3942,1.64638
3943,1.64713
3944,1.64950
3945,1.65450
3946,1.65388
3947,1.64313
3948,1.64613
3949,1.65338
3950,1.64738
3951,1.65400
3952,1.65613
3953,1.64950
3954,1.64538
3955,1.64713
3956,1.64500
3957,1.65113
3958,1.64788
3959,1.64738
3960,1.65138
3961,1.65863
3962,1.65675
3963,1.64638
3964,1.63400
3965,1.66788
3966,1.66888
3967,1.65388
3968,1.64888
3969,1.64675
3970,1.64088
3971,1.65063
3972,1.65388
3973,1.64488
3974,1.64588
3975,1.64500
3976,1.65338
3977,1.65325
3978,1.65188
3979,1.65850
3980,1.65875
3981,1.65250
3982,1.64163
3983,1.65663
3984,1.65613
3985,1.64275
3986,1.64100
3987,1.65700
3988,1.66213
3989,1.64850
3990,1.64700
3991,1.64975
3992,1.64975
3993,1.63938
3994,1.64050
3995,1.64713
3996,1.65325
3997,1.65563
3998,1.64775
3999,1.65888
4000,1.65438
4001,1.64288
4002,1.64900
4003,1.65513
4004,1.64988
4005,1.64575
4006,1.65375
4007,1.65288
4008,1.64563
4009,1.64563
4010,1.65325
4011,1.64938
4012,1.64475
4013,1.65413
4014,1.65850
4015,1.65100
4016,1.64775
4017,1.64600
4018,1.65175
4019,1.65438
4020,1.64513
4021,1.65000
4022,1.65438
4023,1.65225
4024,1.65150
4025,1.65188
4026,1.64988
4027,1.65413
4028,1.64613
4029,1.64788
4030,1.65750
4031,1.64363
4032,1.64588
4033,1.64475
4034,1.66138
4035,1.65425
4036,1.63925
4037,1.65588
4038,1.65363
4039,1.64600
4040,1.63413
4041,1.65325
4042,1.65738
4043,1.65038
4044,1.65075
4045,1.65725
4046,1.65188
4047,1.64113
4048,1.63938
4049,1.64363
4050,1.65438
4051,1.64963
4052,1.64663
4053,1.65325
4054,1.65325
4055,1.64913
4056,1.65813
4057,1.65625
4058,1.64750
4059,1.64563
4060,1.64638
4061,1.65150
4062,1.64638
4063,1.65013
4064,1.65588
4065,1.65863
4066,1.64350
4067,1.63513
4068,1.64925
4069,1.65975
4070,1.64925
4071,1.64113
4072,1.65050
4073,1.64650
4074,1.64238
4075,1.65263
4076,1.65925
4077,1.65250
4078,1.64113
4079,1.64763
4080,1.65850
4081,1.64775
4082,1.64163
4083,1.65375
4084,1.66800
4085,1.65500
4086,1.64350
4087,1.65688
4088,1.64188
4089,1.63350
4090,1.64425
4091,1.64463
4092,1.66475
4093,1.65425
4094,1.63763
4095,1.64925
4096,1.65313
4097,1.63988
4098,1.64450
4099,1.66538
4100,1.64463
4101,1.62738
4102,1.66025
4103,1.65425
4104,1.66275
4105,1.64475
4106,1.64563
4107,1.65850
4108,1.64975
4109,1.64788
4110,1.63525
4111,1.62750
4112,1.41575
4113,1.74138
4114,2.52300
4115,2.23188
4116,1.85213
4117,1.34500
4118,1.26250
4119,1.36000
4120,1.59225
4121,1.70388
4122,1.74963
4123,1.68450
4124,1.62088
4125,1.64138
4126,1.65413
4127,1.67038
4128,1.63913
4129,1.68150
4130,1.68088
4131,1.64338
4132,1.62963
4133,1.65538
4134,1.65050
4135,1.63713
4136,1.64425
4137,1.65400
4138,1.66125
4139,1.64550
4140,1.65275
4141,1.64388
4142,1.65413
4143,1.65200
4144,1.64913
4145,1.65213
4146,1.65375
4147,1.64975
4148,1.65388
4149,1.64675
4150,1.65263
4151,1.64563
4152,1.64538
4153,1.65113
4154,1.64088
4155,1.64863
4156,1.63175
4157,1.62325
4158,0.74075
4159,2.72800
4160,2.10363
4161,1.72000
4162,1.50175
4163,1.49588
4164,1.47513
4165,1.53663
4166,1.64400
4167,1.68238
4168,1.71138
4169,1.66725
4170,1.65700
4171,1.64975
4172,1.65825
4173,1.65188
4174,1.64250
4175,1.65488
4176,1.64200
4177,1.64425
4178,1.65038
4179,1.64350
4180,1.65575
4181,1.64800
4182,1.65138
4183,1.65125
4184,1.63700
4185,1.65775
4186,1.64950
4187,1.64700
4188,1.65363
4189,1.64763
4190,1.65775
4191,1.64838
4192,1.65238
4193,1.64913
4194,1.67188
4195,1.88138
4196,0.00663
4197,2.33425
4198,2.22463
4199,1.84388
4200,1.65038
4201,1.46650
4202,1.42113
4203,1.45975
4204,1.50613
4205,1.54700
4206,1.60300
4207,1.58513
4208,1.53900
4209,1.66825
4210,1.73325
4211,1.68825
4212,1.66300
4213,1.66850
4214,1.66625
4215,1.66088
4216,1.66600
4217,1.65863
4218,1.65750
4219,1.65613
4220,1.65975
4221,1.66238
4222,1.65588
4223,1.64900
4224,1.65713
4225,1.63800
4226,1.64575
4227,1.65363
4228,1.65038
4229,1.65263
4230,1.65400
4231,1.65450
4232,1.65275
4233,1.65013
4234,1.64375
4235,1.65075
4236,1.65600
4237,1.68688
4238,1.36050
4239,2.90325
4240,2.49213
4241,2.08750
4242,1.81525
4243,1.54175
4244,1.40575
4245,1.39275
4246,1.41775
4247,1.49563
4248,1.51863
4249,1.57413
4250,1.53725
4251,1.45450
4252,1.68300
4253,1.80063
4254,1.76300
4255,1.68738
4256,1.67288
4257,1.66863
4258,1.66213
4259,1.66188
4260,1.66300
4261,1.66888
4262,1.65675
4263,1.65413
4264,1.65138
4265,1.65388
4266,1.64450
4267,1.64550
4268,1.64513
4269,1.65388
4270,1.65163
4271,1.64988
4272,1.65463
4273,1.65775
4274,1.64988
4275,1.65100
4276,1.66025
4277,1.65925
4278,1.68375
4279,1.92675
4280,0.00650
4281,1.67500
4282,2.19038
4283,1.86313
4284,1.85625
4285,1.71050
4286,1.52600
4287,1.37050
4288,1.42125
4289,1.56388
4290,1.53900
4291,1.82238
4292,1.65413
4293,1.76038
4294,1.71738
4295,1.63025
4296,1.63588
4297,1.65488
4298,1.63638
4299,1.64525
4300,1.65475
4301,1.66188
4302,1.65000
4303,1.65388
4304,1.66238
4305,1.65438
4306,1.63800
4307,1.65313
4308,1.65613
4309,1.65200
4310,1.63313
4311,1.65425
4312,1.66075
4313,1.64513
4314,1.64575
4315,1.65188
4316,1.65775
4317,1.65063
4318,1.64763
4319,1.63150
4320,1.62913
4321,1.46450
4322,2.41738
4323,1.58338
4324,1.37238
4325,1.32288
4326,1.43350
4327,1.50438
4328,1.55900
4329,1.62900
4330,1.69675
4331,1.72513
4332,1.72150
4333,1.72088
4334,1.71700
4335,1.68000
4336,1.65200
4337,1.62913
4338,1.62950
4339,1.63788
4340,1.63775
4341,1.65825
4342,1.65588
4343,1.65100
4344,1.64763
4345,1.65000
4346,1.64300
4347,1.64400
4348,1.65588
4349,1.65200
4350,1.64963
4351,1.64550
4352,1.64775
4353,1.65150
4354,1.65675
4355,1.65363
4356,1.65125
4357,1.64900
4358,1.65050
4359,1.64563
4360,1.65113
4361,1.64313
4362,0.02038
4363,1.87763
4364,2.25588
4365,1.75188
4366,1.50950
4367,1.43688
4368,1.43963
4369,1.34238
4370,1.40525
4371,1.58888
4372,1.69963
4373,1.74738
4374,1.72600
4375,1.70325
4376,1.68063
4377,1.67588
4378,1.65638
4379,1.64463
4380,1.64813
4381,1.64663
4382,1.65513
4383,1.64288
4384,1.65838
4385,1.65725
4386,1.65175
4387,1.65363
4388,1.64238
4389,1.64800
4390,1.65300
4391,1.64713
4392,1.64050
4393,1.65150
4394,1.65575
4395,1.65925
4396,1.64688
4397,1.64675
4398,1.64825
4399,1.65163
4400,1.64663
4401,1.65725
4402,1.69150
4403,0.00663
4404,3.21913
4405,2.15025
4406,1.58138
4407,1.56563
4408,1.42663
4409,1.34650
4410,1.40025
4411,1.51863
4412,1.63950
4413,1.71800
4414,1.72488
4415,1.67988
4416,1.64175
4417,1.66350
4418,1.65438
4419,1.65025
4420,1.66313
4421,1.65088
4422,1.66088
4423,1.65988
4424,1.64725
4425,1.66000
4426,1.66550
4427,1.64250
4428,1.65238
4429,1.65313
4430,1.64475
4431,1.64050
4432,1.66238
4433,1.64250
4434,1.64000
4435,1.65763
4436,1.64650
4437,1.62725
4438,1.66900
4439,1.66575
4440,1.64450
4441,1.65338
4442,1.65813
4443,1.64563
4444,0.00638
4445,1.60050
4446,2.59025
4447,1.86250
4448,1.68350
4449,1.51538
4450,1.45125
4451,1.39275
4452,1.24825
4453,1.39375
4454,1.62888
4455,1.70188
4456,1.74050
4457,1.73100
4458,1.75338
4459,1.73175
4460,1.67325
4461,1.65000
4462,1.63900
4463,1.63913
4464,1.63688
4465,1.64988
4466,1.65813
4467,1.66150
4468,1.65500
4469,1.65738
4470,1.65813
4471,1.64013
4472,1.63650
4473,1.64300
4474,1.63925
4475,1.65650
4476,1.65225
4477,1.65225
4478,1.65900
4479,1.65988
4480,0.00638
4481,2.25588
4482,2.43650
4483,1.77800
4484,1.73750
4485,1.64813
4486,1.48875
4487,1.47388
4488,1.47725
4489,1.53688
4490,1.56225
4491,1.56075
4492,1.58400
4493,1.59163
4494,1.66913
4495,1.66250
4496,1.71600
4497,1.72738
4498,1.67988
4499,1.68050
4500,1.67075
4501,1.64813
4502,1.63738
4503,1.64913
4504,1.64925
4505,1.65463
4506,1.64750
4507,1.65988
4508,1.66000
4509,1.64550
4510,1.64475
4511,1.65150
4512,1.65525
4513,1.63375
4514,1.65125
4515,1.66613
4516,1.65338
4517,1.63913
4518,1.67475
4519,0.00638
4520,2.52550
4521,2.14875
4522,1.74725
4523,1.72150
4524,1.60938
4525,1.53300
4526,1.54313
4527,1.51538
4528,1.40800
4529,1.53513
4530,1.56275
4531,1.59063
4532,1.63350
4533,1.69000
4534,1.69188
4535,1.68488
4536,1.66213
4537,1.65575
4538,1.66338
4539,1.64475
4540,1.65188
4541,1.67888
4542,1.66950
4543,1.64650
4544,1.64713
4545,1.66000
4546,1.65513
4547,1.64013
4548,1.65663
4549,1.64675
4550,1.64475
4551,1.65063
4552,1.65488
4553,1.65588
4554,1.65075
4555,1.64613
4556,1.65263
4557,1.65188
4558,2.28050
4559,2.52713
4560,1.88013
4561,1.54313
4562,1.49850
4563,1.45575
4564,1.51213
4565,1.56038
4566,1.62813
4567,1.70738
4568,1.70488
4569,1.67638
4570,1.64288
4571,1.64875
4572,1.65388
4573,1.64700
4574,1.65275
4575,1.65725
4576,1.64488
4577,1.64338
4578,1.65350
4579,1.65200
4580,1.65125
4581,1.65413
4582,1.64863
4583,1.64575
4584,1.63813
4585,1.64900
4586,1.64725
4587,1.64775
4588,1.65363
4589,1.65400
4590,1.65263
4591,1.64738
4592,1.64825
4593,1.65288
4594,1.64700
4595,1.62038
4596,0.01763
4597,2.73163
4598,1.82238
4599,1.65313
4600,1.57900
4601,1.57438
4602,1.60963
4603,1.62613
4604,1.65450
4605,1.63950
4606,1.55713
4607,1.61300
4608,1.65088
4609,1.63750
4610,1.64875
4611,1.66600
4612,1.65100
4613,1.65788
4614,1.65325
4615,1.64338
4616,1.66488
4617,1.66425
4618,1.64788
4619,1.63563
4620,1.65675
4621,1.66375
4622,1.64175
4623,1.63463
4624,1.65500
4625,1.66250
4626,1.63400
4627,1.65038
4628,1.66563
4629,1.65850
4630,1.64550
4631,1.64500
4632,1.66588
4633,1.65075
4634,1.63475
4635,1.64625
4636,1.65850
4637,1.65763
4638,1.63663
4639,1.63375
4640,1.65150
4641,1.64900
4642,1.65025
4643,1.65213
4644,1.60863
4645,1.80475
4646,1.70913
4647,1.46638
4648,1.69138
4649,1.65063
4650,1.63575
4651,1.65888
4652,1.66238
4653,1.65063
4654,1.67288
4655,1.65413
4656,1.60988
4657,1.64300
4658,1.67188
4659,1.66588
4660,1.59300
4661,1.65500
4662,1.62225
4663,1.66475
4664,1.67838
4665,1.66700
4666,1.66363
4667,1.66213
4668,1.63413
4669,1.63963
4670,1.65538
4671,1.65400
4672,1.65225
4673,1.65138
4674,1.65538
4675,1.64250
4676,1.63925
4677,1.64750
4678,1.64113
4679,1.65063
4680,1.64313
4681,1.65588
4682,1.65763
4683,1.63963
4684,1.64900
4685,1.64850
4686,1.65925
4687,1.66325
4688,1.69213
4689,0.02400
4690,2.54025
4691,2.24513
4692,0.71238
4693,1.29900
4694,3.29013
4695,2.01087
4696,0.00650
4697,0.67950
4698,3.29013
4699,2.18388
4700,0.00663
4701,1.30025
4702,3.22738
4703,1.78775
4704,0.11988
4705,3.05488
4706,3.15813
4707,1.52988
4708,1.35613
4709,1.45125
4710,1.54463
4711,1.58863
4712,1.64650
4713,1.66663
4714,1.64800
4715,1.64813
4716,1.64888
4717,1.66850
4718,1.65250
4719,1.64113
4720,1.65188
4721,1.66275
4722,1.65300
4723,1.64825
4724,1.65175
4725,1.65100
4726,1.61888
4727,1.64363
4728,1.65525
4729,1.65638
4730,1.64700
4731,1.65713
4732,1.66438
4733,1.64825
4734,1.62875
4735,1.64925
4736,1.42388
4737,1.93175
4738,1.60050
4739,1.49450
4740,1.76363
4741,1.81050
4742,1.53213
4743,1.56513
4744,1.64013
4745,1.64188
4746,1.68438
4747,1.67288
4748,1.67400
4749,1.64513
4750,1.65675
4751,1.64750
4752,1.64063
4753,1.64800
4754,1.65463
4755,1.65200
4756,1.65138
4757,1.64100
4758,1.65775
4759,1.66413
4760,1.64313
4761,1.64388
4762,1.65463
4763,1.64600
4764,1.64750
4765,1.64375
4766,1.65300
4767,1.66325
4768,1.64688
4769,1.65138
4770,1.66400
4771,1.65888
4772,1.46675
4773,1.56138
4774,2.41875
4775,2.76688
4776,2.16813
4777,0.21563
4778,1.03613
4779,2.72488
4780,1.83475
4781,0.68238
4782,1.50025
4783,2.57625
4784,1.69138
4785,0.89438
4786,1.46838
4787,1.66513
4788,1.59850
4789,1.65138
4790,1.73800
4791,1.73250
4792,1.71775
4793,1.69800
4794,1.70063
4795,1.65313
4796,1.65963
4797,1.67150
4798,1.65925
4799,1.66650
4800,1.66250
4801,1.65625
4802,1.66725
4803,1.65688
4804,1.66275
4805,1.64800
4806,1.65163
4807,1.65450
4808,1.64325
4809,1.65925
4810,1.65088
4811,1.65550
4812,1.66113
4813,1.68613
4814,0.00975
4815,2.53838
4816,1.43250
4817,2.49100
4818,2.83725
4819,0.73875
4820,0.60913
4821,2.29025
4822,2.46500
4823,0.77338
4824,1.01925
4825,2.38725
4826,1.97275
4827,1.63500
4828,1.54775
4829,1.55875
4830,1.60000
4831,1.63838
4832,1.66575
4833,1.67050
4834,1.66938
4835,1.66650
4836,1.66725
4837,1.66275
4838,1.65288
4839,1.66813
4840,1.66725
4841,1.65113
4842,1.65413
4843,1.65675
4844,1.64825
4845,1.64563
4846,1.64513
4847,1.65400
4848,1.65800
4849,1.65000
4850,1.65775
4851,1.66975
4852,0.88000
4853,1.50250
4854,0.39438
4855,1.55338
4856,3.28988
4857,3.28938
4858,0.00625
4859,0.60100
4860,3.28975
4861,2.75275
4862,0.00663
4863,0.75075
4864,3.29013
4865,2.25600
4866,0.00650
4867,1.24263
4868,1.81175
4869,1.97288
4870,1.88450
4871,1.82963
4872,1.76875
4873,1.74150
4874,1.69963
4875,1.68775
4876,1.69138
4877,1.67238
4878,1.66713
4879,1.65725
4880,1.65625
4881,1.65275
4882,1.66713
4883,1.65350
4884,1.67413
4885,1.65763
4886,1.65388
4887,1.64800
4888,1.65200
4889,1.65288
4890,1.64350
4891,1.65300
4892,1.65863
4893,1.69163
4894,0.06088
4895,3.28950
4896,0.22113
4897,0.00638
4898,3.21688
4899,3.28988
4900,0.19988
4901,0.00663
4902,3.28963
4903,3.28963
4904,0.00650
4905,0.00638
4906,3.28988
4907,2.76813
4908,1.10238
4909,1.25100
4910,1.39863
4911,1.55013
4912,1.63288
4913,1.65750
4914,1.67613
4915,1.65763
4916,1.66488
4917,1.67463
4918,1.66238
4919,1.66800
4920,1.67250
4921,1.67375
4922,1.65775
4923,1.65300
4924,1.66100
4925,1.64700
4926,1.65563
4927,1.66588
4928,1.65588
4929,1.65575
4930,1.64338
4931,1.65113
4932,1.65113
4933,1.64763
4934,1.65388
4935,1.64450
4936,1.65475
4937,1.65963
4938,1.65388
4939,1.70200
4940,0.02650
4941,2.71025
4942,2.19613
4943,1.29175
4944,2.44175
4945,2.52200
4946,1.26563
4947,1.06425
4948,1.57050
4949,1.65325
4950,1.41038
4951,1.48238
4952,1.49713
4953,1.57600
4954,1.68463
4955,1.71450
4956,1.69738
4957,1.68588
4958,1.67663
4959,1.68050
4960,1.67450
4961,1.66250
4962,1.67563
4963,1.66300
4964,1.65963
4965,1.64713
4966,1.65163
4967,1.65963
4968,1.65063
4969,1.64488
4970,1.65738
4971,1.65813
4972,1.64588
4973,1.64100
4974,1.64875
4975,1.65500
4976,1.64763
4977,1.64938
4978,1.64388
4979,1.65725
4980,1.65788
4981,1.65775
4982,1.66588
4983,1.85775
4984,0.42525
4985,1.87100
4986,2.07750
4987,2.43213
4988,1.67313
4989,1.19150
4990,1.78713
4991,2.18363
4992,1.40763
4993,0.20525
4994,1.74188
4995,2.93125
4996,1.70675
4997,1.15313
4998,1.36700
4999,1.54525
5000,1.67213
5001,1.69263
5002,1.69563
5003,1.68800
5004,1.67813
5005,1.68250
5006,1.66263
5007,1.65650
5008,1.64688
5009,1.65300
5010,1.65425
5011,1.63875
5012,1.65863
5013,1.65450
5014,1.65713
5015,1.65238
5016,1.65013
5017,1.65275
5018,1.65313
5019,1.64588
5020,1.65513
5021,1.64375
5022,1.66450
5023,1.66588
5024,1.35850
5025,1.69200
5026,2.69113
5027,1.23050
5028,0.73950
5029,3.04100
5030,2.80863
5031,0.62350
5032,0.72975
5033,2.62088
5034,2.38313
5035,0.42563
5036,1.06075
5037,2.70163
5038,1.86925
5039,1.45725
5040,1.78425
5041,1.53913
5042,1.55375
5043,1.62238
5044,1.64938
5045,1.67775
5046,1.66888
5047,1.68188
5048,1.68300
5049,1.65875
5050,1.65625
5051,1.66963
5052,1.67950
5053,1.66188
5054,1.64688
5055,1.67725
5056,1.65538
5057,1.64750
5058,1.66800
5059,1.65275
5060,1.65075
5061,1.64963
5062,1.64400
5063,1.65350
5064,1.65388
5065,1.65600
5066,1.74013
5067,0.00663
5068,2.64275
5069,2.27938
5070,0.21163
5071,1.41363
5072,3.28975
5073,1.36725
5074,0.13613
5075,1.87700
5076,3.02650
5077,1.27888
5078,0.49925
5079,1.08788
5080,2.00875
5081,1.81675
5082,1.69163
5083,1.68088
5084,1.68138
5085,1.68088
5086,1.68300
5087,1.66838
5088,1.66300
5089,1.66038
5090,1.66425
5091,1.67463
5092,1.65763
5093,1.66525
5094,1.65675
5095,1.66150
5096,1.65288
5097,1.64588
5098,1.65863
5099,1.65363
5100,1.65900
5101,1.65250
5102,1.64638
5103,1.65363
5104,1.64450
5105,1.65775
5106,1.66375
5107,0.03338
5108,1.91575
5109,1.62338
5110,3.06813
5111,3.28963
5112,0.00675
5113,0.00663
5114,3.28988
5115,3.26700
5116,0.00700
5117,0.58888
5118,3.28925
5119,2.29125
5120,0.08313
5121,1.15063
5122,2.24663
5123,1.84288
5124,1.44338
5125,1.52063
5126,1.64688
5127,1.66363
5128,1.69263
5129,1.68663
5130,1.66700
5131,1.65500
5132,1.66288
5133,1.65775
5134,1.66413
5135,1.65838
5136,1.66163
5137,1.65313
5138,1.66275
5139,1.65075
5140,1.64588
5141,1.66613
5142,1.64075
5143,1.65350
5144,1.66438
5145,1.65375
5146,1.63775
5147,1.63713
5148,1.64775
5149,1.65350
5150,1.64325
5151,1.65100
5152,1.65363
5153,1.65988
5154,1.64075
5155,1.53588
5156,2.68275
5157,1.78088
5158,1.61125
5159,1.13950
5160,1.81563
5161,1.94275
5162,1.62925
5163,1.50000
5164,1.73250
5165,1.74400
5166,1.64138
5167,1.62863
5168,1.65013
5169,1.65125
5170,1.63550
5171,1.64013
5172,1.63963
5173,1.62938
5174,1.65313
5175,1.67063
5176,1.66750
5177,1.65350
5178,1.64300
5179,1.64988
5180,1.64288
5181,1.64050
5182,1.64550
5183,1.64550
5184,1.65038
5185,1.63525
5186,1.65363
5187,1.65638
5188,1.64263
5189,1.65100
5190,1.64075
5191,1.65488
5192,1.64338
5193,1.64963
5194,1.65175
5195,1.64938
5196,1.64100
5197,1.64750
5198,1.64900
5199,1.65400
5200,1.64750
5201,1.65188
5202,1.65450
5203,1.66025
5204,1.64275
5205,1.65138
5206,0.11613
5207,2.53650
5208,2.09225
5209,1.24050
5210,2.24638
5211,2.33350
5212,0.96838
5213,0.78275
5214,2.63450
5215,2.31075
5216,0.39138
5217,0.85238
5218,2.78563
5219,2.05263
5220,0.86463
5221,1.42613
5222,1.98425
5223,1.52475
5224,1.60475
5225,1.60438
5226,1.59075
5227,1.65825
5228,1.69350
5229,1.71163
5230,1.66813
5231,1.65463
5232,1.66138
5233,1.67338
5234,1.66000
5235,1.65650
5236,1.67138
5237,1.65738
5238,1.66538
5239,1.65413
5240,1.65925
5241,1.65588
5242,1.64725
5243,1.66125
5244,1.65175
5245,1.66975
5246,1.64713
5247,1.65713
5248,1.73875
5249,1.45638
5250,2.08663
5251,0.76688
5252,2.30925
5253,3.29000
5254,1.23288
5255,0.41075
5256,2.10138
5257,2.74163
5258,1.13800
5259,0.56325
5260,2.63625
5261,2.11513
5262,0.87475
5263,1.45200
5264,1.61713
5265,1.67613
5266,1.72800
5267,1.71288
5268,1.71075
5269,1.68500
5270,1.65313
5271,1.69375
5272,1.68113
5273,1.65675
5274,1.68363
5275,1.63813
5276,1.66325
5277,1.64488
5278,1.61775
5279,1.70738
5280,1.67463
5281,1.63938
5282,1.63788
5283,1.66900
5284,1.69075
5285,1.61525
5286,1.63313
5287,1.71238
5288,1.65363
5289,1.62075
5290,0.58525
5291,2.63638
5292,2.04650
5293,1.48613
5294,1.82200
5295,1.89738
5296,1.41800
5297,1.17188
5298,2.18338
5299,2.12263
5300,1.02988
5301,1.12250
5302,2.01300
5303,1.86038
5304,1.20488
5305,1.34763
5306,2.01300
5307,1.89950
5308,1.52213
5309,1.62163
5310,1.68550
5311,1.65463
5312,1.65213
5313,1.68625
5314,1.70113
5315,1.66025
5316,1.62163
5317,1.66513
5318,1.72175
5319,1.62188
5320,1.62075
5321,1.69738
5322,1.70263
5323,1.63075
5324,1.61100
5325,1.68588
5326,1.68475
5327,1.60325
5328,1.61688
5329,1.71063
5330,1.70350
5331,0.68138
5332,1.94400
5333,2.97050
5334,1.98775
5335,0.70338
5336,1.41250
5337,2.56000
5338,1.77488
5339,0.74513
5340,2.19875
5341,2.45188
5342,0.84488
5343,1.26475
5344,1.79738
5345,1.72450
5346,1.55325
5347,1.70100
5348,1.75825
5349,1.69038
5350,1.66250
5351,1.69875
5352,1.72950
5353,1.67138
5354,1.62500
5355,1.69513
5356,1.70900
5357,1.62675
5358,1.60600
5359,1.72125
5360,1.71313
5361,1.58663
5362,1.60663
5363,1.70263
5364,1.68213
5365,1.58975
5366,1.60350
5367,1.72675
5368,1.71763
5369,1.49750
5370,0.75538
5371,2.33000
5372,1.55650
5373,0.64838
5374,2.19463
5375,2.99838
5376,1.15925
5377,0.18363
5378,2.37400
5379,2.82925
5380,1.18713
5381,0.61925
5382,1.72738
5383,2.21988
5384,2.21962
5385,1.45425
5386,1.48588
5387,1.54750
5388,1.53950
5389,1.58425
5390,1.72338
5391,1.71138
5392,1.62675
5393,1.65925
5394,1.73163
5395,1.70350
5396,1.63238
5397,1.64875
5398,1.70975
5399,1.68213
5400,1.61700
5401,1.67525
5402,1.69263
5403,1.65100
5404,1.61500
5405,1.65988
5406,1.69200
5407,1.63588
5408,1.62263
5409,1.67450
5410,1.69888
5411,1.61913
5412,0.18700
5413,2.53038
5414,2.66475
5415,0.76725
5416,1.38838
5417,2.89900
5418,1.95700
5419,0.23413
5420,1.15900
5421,2.84675
5422,2.00437
5423,0.48500
5424,1.12775
5425,2.34013
5426,1.66600
5427,1.52713
5428,1.61763
5429,1.65888
5430,1.65413
5431,1.64475
5432,1.66700
5433,1.70438
5434,1.64663
5435,1.61913
5436,1.75063
5437,1.69225
5438,1.58625
5439,1.62725
5440,1.71163
5441,1.70288
5442,1.57613
5443,1.60688
5444,1.74963
5445,1.67963
5446,1.56725
5447,1.64963
5448,1.78713
5449,1.65188
5450,0.00663
5451,2.55538
5452,3.11813
5453,1.36288
5454,0.92750
5455,2.11250
5456,2.07388
5457,1.08438
5458,0.97875
5459,2.33488
5460,2.13575
5461,1.00325
5462,1.13113
5463,2.07938
5464,1.72575
5465,1.48888
5466,1.61525
5467,1.77188
5468,1.73613
5469,1.58425
5470,1.61713
5471,1.77213
5472,1.70388
5473,1.56725
5474,1.66200
5475,1.76563
5476,1.65475
5477,1.55713
5478,1.66713
5479,1.73338
5480,1.63313
5481,1.58363
5482,1.66650
5483,1.71300
5484,1.63338
5485,1.59200
5486,1.77088
5487,1.78663
5488,0.03713
5489,0.65788
5490,3.28125
5491,2.91000
5492,0.03388
5493,1.03288
5494,3.19063
5495,2.32388
5496,0.35413
5497,1.24000
5498,2.28063
5499,2.08400
5500,0.13850
5501,1.70350
5502,1.78275
5503,1.82350
5504,1.82650
5505,1.75625
5506,1.72300
5507,1.70238
5508,1.70588
5509,1.68800
5510,1.68175
5511,1.68225
5512,1.67775
5513,1.67375
5514,1.66750
5515,1.64650
5516,1.66763
5517,1.67850
5518,1.63088
5519,1.62175
5520,1.64850
5521,1.66775
5522,1.65263
5523,1.65175
5524,1.65913
5525,1.66538
5526,1.65350
5527,1.63775
5528,1.65288
5529,1.65650
5530,1.62988
5531,1.64400
5532,1.65375
5533,1.65450
5534,1.64025
5535,1.65350
5536,1.65413
5537,1.65350
5538,1.63863
5539,1.64813
5540,1.65550
5541,1.65338
5542,1.63025
5543,1.64900
5544,1.65988
5545,1.64925
5546,1.63988
5547,1.64175
5548,1.66000
5549,1.65438
5550,1.63750
5551,1.64950
5552,1.65013
5553,1.64738
5554,1.64775
5555,1.65550
5556,1.65913
5557,1.62963
5558,1.64400
5559,1.65425
5560,1.65125
5561,1.64150
5562,1.64300
5563,1.65475
5564,1.64800
5565,1.64388
5566,1.65188
5567,1.66025
5568,1.65063
5569,1.64175
5570,1.64663
5571,1.66313
5572,1.64275
5573,1.64413
5574,1.65300
5575,1.65588
5576,1.65175
5577,1.64338
5578,1.64538
5579,1.66613
5580,1.62638
5581,1.64713
5582,1.64450
5583,1.66288
5584,1.64763
5585,1.65525
5586,1.66550
5587,1.66063
5588,1.64888
5589,1.63588
5590,1.65438
5591,1.63863
5592,1.63325
5593,1.64925
5594,1.66313
5595,1.64513
5596,1.63313
5597,1.65975
5598,1.65538
5599,1.64738
5600,1.65488
5601,1.65100
5602,1.65313
5603,1.63763
5604,1.64113
5605,1.65025
5606,1.65488
5607,1.64863
5608,1.63338
5609,1.65713
5610,1.65225
5611,1.65300
5612,1.65300
5613,1.66188
5614,1.64663
5615,1.63800
5616,1.64838
5617,1.65475
5618,1.64738
5619,1.65050
5620,1.65025
5621,1.65950
5622,1.65075
5623,1.63638
5624,1.64613
5625,1.65800
5626,1.64313
5627,1.64925
5628,1.65538
5629,1.65663
5630,1.63663
5631,1.64813
5632,1.66138
5633,1.65313
5634,1.64575
5635,1.63575
5636,1.65825
5637,1.66050
5638,1.63850
5639,1.65775
5640,1.66613
5641,1.65300
5642,1.64125
5643,1.64913
5644,1.66325
5645,1.65075
5646,1.63938
5647,1.64775
5648,1.66525
5649,1.65050
5650,1.64200
5651,1.65488
5652,1.65888
5653,1.64588
5654,1.63663
5655,1.65300
5656,1.64388
5657,1.64263
5658,1.65338
5659,1.66750
5660,1.64913
5661,1.62950
5662,1.65025
5663,1.65650
5664,1.64388
5665,1.64325
5666,1.64713
5667,1.66500
5668,1.65588
5669,1.69475
5670,1.67675
5671,1.63363
5672,1.63575
5673,1.62675
5674,1.59538
5675,1.60688
5676,1.65875
5677,1.61650
5678,1.62375
5679,1.63875
5680,1.65750
5681,1.65725
5682,1.67363
5683,1.68213
5684,1.64700
5685,1.63550
5686,1.65038
5687,1.64888
5688,1.62775
5689,1.65325
5690,1.65663
5691,1.63850
5692,1.62138
5693,1.64113
5694,1.65038
5695,1.66325
5696,1.66763
5697,1.67113
5698,1.66013
5699,1.65388
5700,1.63975
5701,1.64613
5702,1.66225
5703,1.68013
5704,0.03463
5705,1.54125
5706,2.17525
5707,2.01175
5708,2.01838
5709,1.78463
5710,1.73513
5711,1.68088
5712,1.66500
5713,1.64713
5714,1.63900
5715,1.64338
5716,1.64300
5717,1.65225
5718,1.64475
5719,1.62788
5720,1.62950
5721,1.64313
5722,1.65188
5723,1.63913
5724,1.85063
5725,1.55313
5726,1.62938
5727,1.64150
5728,1.66000
5729,1.65725
5730,1.66525
5731,1.63338
5732,1.64150
5733,1.65550
5734,1.64038
5735,1.64400
5736,1.64563
5737,1.66600
5738,1.65325
5739,1.67600
5740,1.67638
5741,1.65650
5742,1.61450
5743,1.64288
5744,1.64538
5745,1.64588
5746,1.64075
5747,1.64538
5748,1.65025
5749,1.65963
5750,1.64738
5751,1.65075
5752,1.64850
5753,1.65100
5754,1.65125
5755,1.65538
5756,1.64888
5757,1.64175
5758,1.64375
5759,1.64538
5760,1.64825
5761,1.65200
5762,1.64813
5763,1.65138
5764,1.65338
5765,1.64888
5766,1.64900
5767,1.64625
5768,1.64600
5769,1.65363
5770,1.65363
5771,1.65400
5772,1.64800
5773,1.64538
5774,1.65325
5775,1.64963
5776,1.64600
5777,1.64925
5778,1.65250
5779,1.65525
5780,1.64150
5781,1.64813
5782,1.65600
5783,1.64413
5784,1.64475
5785,1.64913
5786,1.64950
5787,1.64588
5788,1.64738
5789,1.64988
5790,1.65000
5791,1.64975
5792,1.65063
5793,1.65138
5794,1.64475
5795,1.64788
5796,1.65425
5797,1.65450
5798,1.65238
5799,1.64750
5800,1.64675
5801,1.64575
5802,1.64725
5803,1.64138
5804,1.65563
5805,1.65538
5806,1.64613
5807,1.64913
5808,1.64800
5809,1.65213
5810,1.64950
5811,1.64500
5812,1.65075
5813,1.65100
5814,1.64975
5815,1.65488
5816,1.64738
5817,1.64250
5818,1.64050
5819,1.64913
5820,1.65438
5821,1.63925
5822,1.63975
5823,1.64813
5824,1.66100
5825,1.65663
5826,1.64113
5827,1.64613
5828,1.64425
5829,1.65438
5830,1.65038
5831,1.65450
5832,1.64563
5833,1.64763
5834,1.65325
5835,1.64875
5836,1.64600
5837,1.65013
5838,1.65288
5839,1.64538
5840,1.64938
5841,1.65175
5842,1.65150
5843,1.64963
5844,1.64913
5845,1.65100
5846,1.65413
5847,1.64925
5848,1.64400
5849,1.64888
5850,1.65163
5851,1.64563
5852,1.65350
5853,1.64813
5854,1.65125
5855,1.64363
5856,1.65063
5857,1.65450
5858,1.64525
5859,1.64313
5860,1.64750
5861,1.65000
5862,1.64750
5863,1.64375
5864,1.64863
5865,1.65263
5866,1.64925
5867,1.65050
5868,1.65775
5869,1.65375
5870,1.64613
5871,1.65063
5872,1.65125
5873,1.64013
5874,1.64000
5875,1.64938
5876,1.65400
5877,1.65263
5878,1.64250
5879,1.64588
5880,1.65500
5881,1.64313
5882,1.64838
5883,1.65175
5884,1.64963
5885,1.64725
5886,1.65013
5887,1.65450
5888,1.65125
5889,1.64413
5890,1.64175
5891,1.65188
5892,1.66238
5893,1.63463
5894,1.64725
5895,1.64175
5896,1.65500
5897,1.65213
5898,1.66100
5899,1.65125
5900,1.64038
5901,1.64075
5902,1.65450
5903,1.65763
5904,1.64463
5905,1.64825
5906,1.65513
5907,1.64700
5908,1.64513
5909,1.64825
5910,1.65263
5911,1.65175
5912,1.64800
5913,1.65175
5914,1.64713
5915,1.65163
5916,1.64100
5917,1.64850
5918,1.64488
5919,1.64925
5920,1.64400
5921,1.65213
5922,1.65750
5923,1.64913
5924,1.64538
5925,1.65213
5926,1.65225
5927,1.65100
5928,1.64838
5929,1.65675
5930,1.64800
5931,1.64975
5932,1.65525
5933,1.64388
5934,1.64388
5935,1.65263
5936,1.64975
5937,1.64625
5938,1.64975
5939,1.64863
5940,1.64813
5941,1.64363
5942,1.65163
5943,1.63963
5944,1.65450
5945,1.64700
5946,1.65963
5947,1.65263
5948,1.64763
5949,1.64388
5950,1.65025
5951,1.64888
5952,1.64863
5953,1.64663
5954,1.64288
5955,1.65063
5956,1.65100
5957,1.65475
5958,1.65088
5959,1.64875
5960,1.63338
5961,1.65575
5962,1.65675
5963,1.65375
5964,1.64563
5965,1.65038
5966,1.65225
5967,1.64575
5968,1.64900
5969,1.65638
5970,1.65950
5971,1.64550
5972,1.64525
5973,1.65063
5974,1.64288
5975,1.64750
5976,1.65363
5977,1.64988
5978,1.65413
5979,1.64500
5980,1.64975
5981,1.64963
5982,1.64650
5983,1.64875
5984,1.64950
5985,1.64938
5986,1.64563
5987,1.64888
5988,1.65050
5989,1.64788
5990,1.64113
5991,1.64850
5992,1.64500
5993,1.65100
5994,1.64500
5995,1.65238
5996,1.64363
5997,1.65063
5998,1.63975
5999,1.65200
6000,1.65375
6001,1.65263
6002,1.64650
6003,1.64563
6004,1.64938
6005,1.64925
6006,1.64688
6007,1.64725
6008,1.65163
6009,1.64875
6010,1.64150
6011,1.64988
6012,1.65038
6013,1.64963
6014,1.65213
6015,1.65013
6016,1.64775
6017,1.65413
6018,1.65075
6019,1.64800
6020,1.65188
6021,1.65000
6022,1.65388
6023,1.64713
6024,1.64975
6025,1.64525
6026,1.64263
6027,1.65363
6028,1.65388
6029,1.64638
6030,1.65125
6031,1.65113
6032,1.64838
6033,1.65013
6034,1.64575
6035,1.65150
6036,1.65763
6037,1.65538
6038,1.65488
6039,1.64913
6040,1.65113
6041,1.65088
6042,1.64813
6043,1.64375
6044,1.65350
6045,1.65113
6046,1.64588
6047,1.64500
6048,1.65138
6049,1.64713
6050,1.64763
6051,1.64063
6052,1.64313
6053,1.65513
6054,1.65100
6055,1.65375
6056,1.65263
6057,1.65138
6058,1.64638
6059,1.64475
6060,1.65438
6061,1.64750
6062,1.64313
6063,1.65313
6064,1.64613
6065,1.64550
6066,1.64013
6067,1.64338
6068,1.65563
6069,1.64863
6070,1.64150
6071,1.63938
6072,1.65338
6073,1.65663
6074,1.64838
6075,1.65213
6076,1.64700
6077,1.64688
6078,1.64925
6079,1.65150
6080,1.65100
6081,1.65088
6082,1.64675
6083,1.65288
6084,1.64850
6085,1.64088
6086,1.64488
6087,1.64888
6088,1.64375
6089,1.64375
6090,1.64300
6091,1.65313
6092,1.64313
6093,1.64425
6094,1.65350
6095,1.64625
6096,1.63863
6097,1.65675
6098,1.64850
6099,1.64013
6100,1.64838
6101,1.64813
6102,1.64938
6103,1.64550
6104,1.64150
6105,1.64363
6106,1.65238
6107,1.65350
6108,1.64938
6109,1.65875
6110,1.64863
6111,1.65275
6112,1.65188
6113,1.64725
6114,1.65175
6115,1.65063
6116,1.64688
6117,1.65275
6118,1.65288
6119,1.65688
6120,1.65513
6121,1.64375
6122,1.64863
6123,1.65200
6124,1.65375
6125,1.64763
6126,1.65575
6127,1.65375
6128,1.64575
6129,1.64238
6130,1.65088
6131,1.65038
6132,1.65163
6133,1.64388
6134,1.64913
6135,1.65000
6136,1.64838
6137,1.65388
6138,1.65663
6139,1.65163
6140,1.64513
6141,1.65363
6142,1.65113
6143,1.64650
6144,1.64725
6145,1.64888
6146,1.64975
6147,1.64513
6148,1.64050
6149,1.65300
6150,1.65350
6151,1.65413
6152,1.64500
6153,1.65250
6154,1.65388
6155,1.64538
6156,1.65000
6157,1.64900
6158,1.65288
6159,1.65338
6160,1.65138
6161,1.64600
6162,1.65225
6163,1.64763
6164,1.64763
6165,1.65213
6166,1.65188
6167,1.64213
6168,1.64788
6169,1.65713
6170,1.64900
6171,1.64913
6172,1.65113
6173,1.65700
6174,1.65500
6175,1.65350
6176,1.64738
6177,1.64788
6178,1.65113
6179,1.64225
6180,1.64525
6181,1.64600
6182,1.64650
6183,1.64788
6184,1.65550
6185,1.64713
6186,1.64738
6187,1.64850
6188,1.65413
6189,1.64463
6190,1.65363
6191,1.64450
6192,1.65025
6193,1.64513
6194,1.64763
6195,1.65025
6196,1.65213
6197,1.64988
6198,1.64700
6199,1.65113
6200,1.65113
6201,1.64713
6202,1.64113
6203,1.65313
6204,1.64775
6205,1.65075
6206,1.64963
6207,1.64388
6208,1.64725
6209,1.64563
6210,1.64988
6211,1.65013
6212,1.64838
6213,1.65025
6214,1.64913
6215,1.64950
6216,1.64600
6217,1.65463
6218,1.65400
6219,1.65038
6220,1.64913
6221,1.63950
6222,1.64763
6223,1.65013
6224,1.64800
6225,1.65125
6226,1.63700
6227,1.64713
6228,1.64738
6229,1.65025
6230,1.65300
6231,1.64813
6232,1.65488
6233,1.65050
6234,1.65063
6235,1.64988
6236,1.65113
6237,1.65100
6238,1.64888
6239,1.64638
6240,1.64588
6241,1.64650
6242,1.63975
6243,1.64375
6244,1.65788
6245,1.65250
6246,1.64863
6247,1.65475
6248,1.65375
6249,1.65138
6250,1.64438
6251,1.64563
6252,1.65500
6253,1.64800
6254,1.64863
6255,1.64950
6256,1.64913
6257,1.64338
6258,1.64275
6259,1.64863
6260,1.65113
6261,1.64650
6262,1.65075
6263,1.65488
6264,1.64363
6265,1.64775
6266,1.65250
6267,1.65713
6268,1.64138
6269,1.64425
6270,1.64663
6271,1.65200
6272,1.65013
6273,1.64775
6274,1.65400
6275,1.65075
6276,1.64913
6277,1.64800
6278,1.65163
6279,1.65663
6280,1.64363
6281,1.65263
6282,1.64900
6283,1.65213
6284,1.64788
6285,1.65000
6286,1.64625
6287,1.64600
6288,1.64638
6289,1.63888
6290,1.65325
6291,1.64725
6292,1.64663
6293,1.65263
6294,1.65450
6295,1.64875
6296,1.64638
6297,1.65000
6298,1.65088
6299,1.64900
6300,1.65050
6301,1.65313
6302,1.64538
6303,1.64400
6304,1.64425
6305,1.64575
6306,1.65413
6307,1.63238
6308,1.64750
6309,1.66038
6310,1.64775
6311,1.65163
6312,1.64625
6313,1.65250
6314,1.64313
6315,1.65463
6316,1.65863
6317,1.65488
6318,1.64538
6319,1.65663
6320,1.65100
6321,1.64088
6322,1.65463
6323,1.65450
6324,1.65300
6325,1.65650
6326,1.65100
6327,1.65063
6328,1.65463
6329,1.64988
6330,1.64900
6331,1.66088
6332,1.65113
6333,1.65713
6334,1.65238
6335,1.63525
6336,1.64550
6337,1.64688
6338,1.64950
6339,1.64900
6340,1.65563
6341,1.64475
6342,1.65675
6343,1.64238
6344,1.64675
6345,1.65775
6346,1.64913
6347,1.63938
6348,1.65463
6349,1.64238
6350,1.65588
6351,1.64488
6352,1.66325
6353,1.65788
6354,1.64138
6355,1.64863
6356,1.63563
6357,1.65388
6358,1.65700
6359,1.64275
6360,1.63863
6361,1.64413
6362,1.67625
6363,1.63363
6364,1.65650
6365,1.65950
6366,1.61913
6367,1.67788
6368,1.63488
6369,1.62900
6370,1.64713
6371,1.61488
6372,1.68075
6373,1.62550
6374,1.67000
6375,1.67538
6376,1.64725
6377,1.67850
6378,1.62225
6379,1.64350
6380,1.62963
6381,1.63825
6382,1.66538
6383,1.63500
6384,1.63650
6385,1.6441